id,canonical_key,family,domain,order,domain_size,generator_images,target_phase_order,reduced_phase_order,phase_rotation_order,image_order,kernel_elements,kernel_order,graph_nonproduct,extension_type,time_reversing,frame_divisor,tags,realized_in_moduli,translation_d4_orbit_key,quotient_projection_split,product_lattice_cover_split
cyclic-c2-16d9039d1e37,cyclic|C2|2|r=rev:0/1,cyclic,C2,2,2,r=rev:0/1,2,1,1,2,1,1,true,trivial,true,1,c2;cyclic;graph_nonproduct;image_order_2;rotary_reversal;time_reversing;trivial,2;3;4;5;6;7;8;9;10;11;12,,,
cyclic-c2-f92042df8cf7,cyclic|C2|2|r=rev:1/10,cyclic,C2,2,2,r=rev:1/10,10,10,1,2,1,1,true,trivial,true,10,c2;cyclic;graph_nonproduct;image_order_2;rotary_reversal;time_reversing;trivial,10,,,
cyclic-c2-a574ba80a80c,cyclic|C2|2|r=rev:1/12,cyclic,C2,2,2,r=rev:1/12,12,12,1,2,1,1,true,trivial,true,12,c2;cyclic;graph_nonproduct;image_order_2;rotary_reversal;time_reversing;trivial,12,,,
cyclic-c2-01ee0506af06,cyclic|C2|2|r=rev:1/2,cyclic,C2,2,2,r=rev:1/2,2,2,1,2,1,1,true,trivial,true,2,c2;cyclic;graph_nonproduct;image_order_2;rotary_reversal;time_reversing;trivial,2,,,
cyclic-c2-2f44c1b61386,cyclic|C2|2|r=rev:1/4,cyclic,C2,2,2,r=rev:1/4,4,4,1,2,1,1,true,trivial,true,4,c2;cyclic;graph_nonproduct;image_order_2;rotary_reversal;time_reversing;trivial,4,,,
cyclic-c2-21d0934963c3,cyclic|C2|2|r=rev:1/6,cyclic,C2,2,2,r=rev:1/6,6,6,1,2,1,1,true,trivial,true,6,c2;cyclic;graph_nonproduct;image_order_2;rotary_reversal;time_reversing;trivial,6,,,
cyclic-c2-c9278fa4f3a3,cyclic|C2|2|r=rev:1/8,cyclic,C2,2,2,r=rev:1/8,8,8,1,2,1,1,true,trivial,true,8,c2;cyclic;graph_nonproduct;image_order_2;rotary_reversal;time_reversing;trivial,8,,,
cyclic-c2-9d3b2d416aca,cyclic|C2|2|r=shift:1/2,cyclic,C2,2,2,r=shift:1/2,2,2,2,2,1,1,true,trivial,false,2,c2;cyclic;graph_nonproduct;image_order_2;phase_shifting;time_screw;trivial,2;4;6;8;10;12,,,
cyclic-c3-9559692e4cee,cyclic|C3|3|r=shift:1/3,cyclic,C3,3,3,r=shift:1/3,3,3,3,3,1,1,true,trivial,false,3,c3;cyclic;graph_nonproduct;image_order_3;phase_shifting;time_screw;trivial,3;6;9;12,,,
cyclic-c4-e39c409e267e,cyclic|C4|4|r=rev:0/1,cyclic,C4,4,4,r=rev:0/1,2,1,1,2,1;r^2,2,true,non_split,true,1,c4;cyclic;graph_nonproduct;image_order_2;non_split;rotary_reversal;time_reversing,2;3;4;5;6;7;8;9;10;11;12,,,
cyclic-c4-207c84809574,cyclic|C4|4|r=rev:1/10,cyclic,C4,4,4,r=rev:1/10,10,10,1,2,1;r^2,2,true,non_split,true,10,c4;cyclic;graph_nonproduct;image_order_2;non_split;rotary_reversal;time_reversing,10,,,
cyclic-c4-e5f6dbb9f78f,cyclic|C4|4|r=rev:1/12,cyclic,C4,4,4,r=rev:1/12,12,12,1,2,1;r^2,2,true,non_split,true,12,c4;cyclic;graph_nonproduct;image_order_2;non_split;rotary_reversal;time_reversing,12,,,
cyclic-c4-235f7dc995b4,cyclic|C4|4|r=rev:1/2,cyclic,C4,4,4,r=rev:1/2,2,2,1,2,1;r^2,2,true,non_split,true,2,c4;cyclic;graph_nonproduct;image_order_2;non_split;rotary_reversal;time_reversing,2,,,
cyclic-c4-c19f8d756dd7,cyclic|C4|4|r=rev:1/4,cyclic,C4,4,4,r=rev:1/4,4,4,1,2,1;r^2,2,true,non_split,true,4,c4;cyclic;graph_nonproduct;image_order_2;non_split;rotary_reversal;time_reversing,4,,,
cyclic-c4-e89cc4f4ef60,cyclic|C4|4|r=rev:1/6,cyclic,C4,4,4,r=rev:1/6,6,6,1,2,1;r^2,2,true,non_split,true,6,c4;cyclic;graph_nonproduct;image_order_2;non_split;rotary_reversal;time_reversing,6,,,
cyclic-c4-6b6af24a0d01,cyclic|C4|4|r=rev:1/8,cyclic,C4,4,4,r=rev:1/8,8,8,1,2,1;r^2,2,true,non_split,true,8,c4;cyclic;graph_nonproduct;image_order_2;non_split;rotary_reversal;time_reversing,8,,,
cyclic-c4-d8bf24f599c0,cyclic|C4|4|r=shift:1/2,cyclic,C4,4,4,r=shift:1/2,2,2,2,2,1;r^2,2,true,non_split,false,2,c4;cyclic;graph_nonproduct;image_order_2;non_split;phase_shifting;time_screw,2;4;6;8;10;12,,,
cyclic-c4-28a2f9fe6a76,cyclic|C4|4|r=shift:1/4,cyclic,C4,4,4,r=shift:1/4,4,4,4,4,1,1,true,trivial,false,4,c4;cyclic;graph_nonproduct;image_order_4;phase_shifting;time_screw;trivial,4;8;12,,,
cyclic-c6-1ca4e3896c89,cyclic|C6|6|r=rev:0/1,cyclic,C6,6,6,r=rev:0/1,2,1,1,2,1;r^2;r^4,3,true,direct_product,true,1,c6;cyclic;direct_product;graph_nonproduct;image_order_2;rotary_reversal;time_reversing,2;3;4;5;6;7;8;9;10;11;12,,,
cyclic-c6-43b00285139e,cyclic|C6|6|r=rev:1/10,cyclic,C6,6,6,r=rev:1/10,10,10,1,2,1;r^2;r^4,3,true,direct_product,true,10,c6;cyclic;direct_product;graph_nonproduct;image_order_2;rotary_reversal;time_reversing,10,,,
cyclic-c6-eec035c85926,cyclic|C6|6|r=rev:1/12,cyclic,C6,6,6,r=rev:1/12,12,12,1,2,1;r^2;r^4,3,true,direct_product,true,12,c6;cyclic;direct_product;graph_nonproduct;image_order_2;rotary_reversal;time_reversing,12,,,
cyclic-c6-2a6214a4acb8,cyclic|C6|6|r=rev:1/2,cyclic,C6,6,6,r=rev:1/2,2,2,1,2,1;r^2;r^4,3,true,direct_product,true,2,c6;cyclic;direct_product;graph_nonproduct;image_order_2;rotary_reversal;time_reversing,2,,,
cyclic-c6-3010f66d4a9d,cyclic|C6|6|r=rev:1/4,cyclic,C6,6,6,r=rev:1/4,4,4,1,2,1;r^2;r^4,3,true,direct_product,true,4,c6;cyclic;direct_product;graph_nonproduct;image_order_2;rotary_reversal;time_reversing,4,,,
cyclic-c6-a7f0ca0bffcc,cyclic|C6|6|r=rev:1/6,cyclic,C6,6,6,r=rev:1/6,6,6,1,2,1;r^2;r^4,3,true,direct_product,true,6,c6;cyclic;direct_product;graph_nonproduct;image_order_2;rotary_reversal;time_reversing,6,,,
cyclic-c6-9d0e6d68696a,cyclic|C6|6|r=rev:1/8,cyclic,C6,6,6,r=rev:1/8,8,8,1,2,1;r^2;r^4,3,true,direct_product,true,8,c6;cyclic;direct_product;graph_nonproduct;image_order_2;rotary_reversal;time_reversing,8,,,
cyclic-c6-8caef655698b,cyclic|C6|6|r=shift:1/2,cyclic,C6,6,6,r=shift:1/2,2,2,2,2,1;r^2;r^4,3,true,direct_product,false,2,c6;cyclic;direct_product;graph_nonproduct;image_order_2;phase_shifting;time_screw,2;4;6;8;10;12,,,
cyclic-c6-c921694c5954,cyclic|C6|6|r=shift:1/3,cyclic,C6,6,6,r=shift:1/3,3,3,3,3,1;r^3,2,true,direct_product,false,3,c6;cyclic;direct_product;graph_nonproduct;image_order_3;phase_shifting;time_screw,3;6;9;12,,,
cyclic-c6-830c826083bb,cyclic|C6|6|r=shift:1/6,cyclic,C6,6,6,r=shift:1/6,6,6,6,6,1,1,true,trivial,false,6,c6;cyclic;graph_nonproduct;image_order_6;phase_shifting;time_screw;trivial,6;12,,,
dihedral-d1-dde6e13d518d,dihedral|D1|1|s=rev:0/1,dihedral,D1,1,2,s=rev:0/1,2,1,1,2,1,1,true,trivial,true,1,d1;dihedral;dihedral_choreography;graph_nonproduct;image_order_2;single_mirror;time_reversing;trivial,2;3;4;5;6;7;8;9;10;11;12,,,
dihedral-d1-99f3ab1ff7dd,dihedral|D1|1|s=rev:1/10,dihedral,D1,1,2,s=rev:1/10,10,10,1,2,1,1,true,trivial,true,10,d1;dihedral;dihedral_choreography;graph_nonproduct;image_order_2;single_mirror;time_reversing;trivial,10,,,
dihedral-d1-11313eea53e9,dihedral|D1|1|s=rev:1/12,dihedral,D1,1,2,s=rev:1/12,12,12,1,2,1,1,true,trivial,true,12,d1;dihedral;dihedral_choreography;graph_nonproduct;image_order_2;single_mirror;time_reversing;trivial,12,,,
dihedral-d1-7ee3a9c83291,dihedral|D1|1|s=rev:1/2,dihedral,D1,1,2,s=rev:1/2,2,2,1,2,1,1,true,trivial,true,2,d1;dihedral;dihedral_choreography;graph_nonproduct;image_order_2;single_mirror;time_reversing;trivial,2,,,
dihedral-d1-1489f43bbd4b,dihedral|D1|1|s=rev:1/4,dihedral,D1,1,2,s=rev:1/4,4,4,1,2,1,1,true,trivial,true,4,d1;dihedral;dihedral_choreography;graph_nonproduct;image_order_2;single_mirror;time_reversing;trivial,4,,,
dihedral-d1-6f40aff31587,dihedral|D1|1|s=rev:1/6,dihedral,D1,1,2,s=rev:1/6,6,6,1,2,1,1,true,trivial,true,6,d1;dihedral;dihedral_choreography;graph_nonproduct;image_order_2;single_mirror;time_reversing;trivial,6,,,
dihedral-d1-9b9769d8cd72,dihedral|D1|1|s=rev:1/8,dihedral,D1,1,2,s=rev:1/8,8,8,1,2,1,1,true,trivial,true,8,d1;dihedral;dihedral_choreography;graph_nonproduct;image_order_2;single_mirror;time_reversing;trivial,8,,,
dihedral-d1-6be87c81cbc4,dihedral|D1|1|s=shift:1/2,dihedral,D1,1,2,s=shift:1/2,2,2,2,2,1,1,true,trivial,false,2,d1;dihedral;dihedral_choreography;graph_nonproduct;image_order_2;phase_shifting;single_mirror;trivial,2;4;6;8;10;12,,,
dihedral-d2-98cb09d0ed74,dihedral|D2|2|r=rev:0/1;s=rev:0/1,dihedral,D2,2,4,r=rev:0/1;s=rev:0/1,2,1,1,2,1;r s,2,true,direct_product,true,1,d2;dihedral;dihedral_choreography;direct_product;graph_nonproduct;image_order_2;time_reversing,2;3;4;5;6;7;8;9;10;11;12,,,
dihedral-d2-64481f2495ca,dihedral|D2|2|r=rev:0/1;s=rev:1/2,dihedral,D2,2,4,r=rev:0/1;s=rev:1/2,2,2,2,4,1,1,true,trivial,true,2,d2;dihedral;dihedral_choreography;graph_nonproduct;image_order_4;time_reversing;trivial,2;4;6;8;10;12,,,
dihedral-d2-a5df9ff3c57f,dihedral|D2|2|r=rev:0/1;s=shift:0/1,dihedral,D2,2,4,r=rev:0/1;s=shift:0/1,2,1,1,2,1;s,2,true,direct_product,true,1,d2;dihedral;dihedral_choreography;direct_product;graph_nonproduct;image_order_2;time_reversing,2;3;4;5;6;7;8;9;10;11;12,,,
dihedral-d2-19d4492b42f2,dihedral|D2|2|r=rev:0/1;s=shift:1/2,dihedral,D2,2,4,r=rev:0/1;s=shift:1/2,2,2,2,4,1,1,true,trivial,true,2,d2;dihedral;dihedral_choreography;graph_nonproduct;image_order_4;time_reversing;trivial,2;4;6;8;10;12,,,
dihedral-d2-5b1a7e01e2e1,dihedral|D2|2|r=rev:1/10;s=rev:1/10,dihedral,D2,2,4,r=rev:1/10;s=rev:1/10,10,10,1,2,1;r s,2,true,direct_product,true,10,d2;dihedral;dihedral_choreography;direct_product;graph_nonproduct;image_order_2;time_reversing,10,,,
dihedral-d2-875d54640b10,dihedral|D2|2|r=rev:1/10;s=rev:3/5,dihedral,D2,2,4,r=rev:1/10;s=rev:3/5,10,10,2,4,1,1,true,trivial,true,10,d2;dihedral;dihedral_choreography;graph_nonproduct;image_order_4;time_reversing;trivial,10,,,
dihedral-d2-242325923dbb,dihedral|D2|2|r=rev:1/10;s=shift:0/1,dihedral,D2,2,4,r=rev:1/10;s=shift:0/1,10,10,1,2,1;s,2,true,direct_product,true,10,d2;dihedral;dihedral_choreography;direct_product;graph_nonproduct;image_order_2;time_reversing,10,,,
dihedral-d2-f1de4a3b73cd,dihedral|D2|2|r=rev:1/10;s=shift:1/2,dihedral,D2,2,4,r=rev:1/10;s=shift:1/2,10,10,2,4,1,1,true,trivial,true,10,d2;dihedral;dihedral_choreography;graph_nonproduct;image_order_4;time_reversing;trivial,10,,,
dihedral-d2-dcfd1ded7216,dihedral|D2|2|r=rev:1/12;s=rev:1/12,dihedral,D2,2,4,r=rev:1/12;s=rev:1/12,12,12,1,2,1;r s,2,true,direct_product,true,12,d2;dihedral;dihedral_choreography;direct_product;graph_nonproduct;image_order_2;time_reversing,12,,,
dihedral-d2-9f54c5ea5726,dihedral|D2|2|r=rev:1/12;s=rev:7/12,dihedral,D2,2,4,r=rev:1/12;s=rev:7/12,12,12,2,4,1,1,true,trivial,true,12,d2;dihedral;dihedral_choreography;graph_nonproduct;image_order_4;time_reversing;trivial,12,,,
dihedral-d2-3e281d3a6f3f,dihedral|D2|2|r=rev:1/12;s=shift:0/1,dihedral,D2,2,4,r=rev:1/12;s=shift:0/1,12,12,1,2,1;s,2,true,direct_product,true,12,d2;dihedral;dihedral_choreography;direct_product;graph_nonproduct;image_order_2;time_reversing,12,,,
dihedral-d2-1f9ff01f0ab7,dihedral|D2|2|r=rev:1/12;s=shift:1/2,dihedral,D2,2,4,r=rev:1/12;s=shift:1/2,12,12,2,4,1,1,true,trivial,true,12,d2;dihedral;dihedral_choreography;graph_nonproduct;image_order_4;time_reversing;trivial,12,,,
dihedral-d2-fde8ef16755e,dihedral|D2|2|r=rev:1/2;s=rev:0/1,dihedral,D2,2,4,r=rev:1/2;s=rev:0/1,2,2,2,4,1,1,true,trivial,true,2,d2;dihedral;dihedral_choreography;graph_nonproduct;image_order_4;time_reversing;trivial,2,,,
dihedral-d2-daf1c947b555,dihedral|D2|2|r=rev:1/2;s=rev:1/2,dihedral,D2,2,4,r=rev:1/2;s=rev:1/2,2,2,1,2,1;r s,2,true,direct_product,true,2,d2;dihedral;dihedral_choreography;direct_product;graph_nonproduct;image_order_2;time_reversing,2,,,
dihedral-d2-b2eed6b6556a,dihedral|D2|2|r=rev:1/2;s=shift:0/1,dihedral,D2,2,4,r=rev:1/2;s=shift:0/1,2,2,1,2,1;s,2,true,direct_product,true,2,d2;dihedral;dihedral_choreography;direct_product;graph_nonproduct;image_order_2;time_reversing,2,,,
dihedral-d2-5536b0bddebc,dihedral|D2|2|r=rev:1/2;s=shift:1/2,dihedral,D2,2,4,r=rev:1/2;s=shift:1/2,2,2,2,4,1,1,true,trivial,true,2,d2;dihedral;dihedral_choreography;graph_nonproduct;image_order_4;time_reversing;trivial,2,,,
dihedral-d2-f9fd157dd08d,dihedral|D2|2|r=rev:1/4;s=rev:1/4,dihedral,D2,2,4,r=rev:1/4;s=rev:1/4,4,4,1,2,1;r s,2,true,direct_product,true,4,d2;dihedral;dihedral_choreography;direct_product;graph_nonproduct;image_order_2;time_reversing,4,,,
dihedral-d2-9c96566c121a,dihedral|D2|2|r=rev:1/4;s=rev:3/4,dihedral,D2,2,4,r=rev:1/4;s=rev:3/4,4,4,2,4,1,1,true,trivial,true,4,d2;dihedral;dihedral_choreography;graph_nonproduct;image_order_4;time_reversing;trivial,4,,,
dihedral-d2-789c5c62baeb,dihedral|D2|2|r=rev:1/4;s=shift:0/1,dihedral,D2,2,4,r=rev:1/4;s=shift:0/1,4,4,1,2,1;s,2,true,direct_product,true,4,d2;dihedral;dihedral_choreography;direct_product;graph_nonproduct;image_order_2;time_reversing,4,,,
dihedral-d2-f3cb27c11ce9,dihedral|D2|2|r=rev:1/4;s=shift:1/2,dihedral,D2,2,4,r=rev:1/4;s=shift:1/2,4,4,2,4,1,1,true,trivial,true,4,d2;dihedral;dihedral_choreography;graph_nonproduct;image_order_4;time_reversing;trivial,4,,,
dihedral-d2-af5ab8cb65ec,dihedral|D2|2|r=rev:1/6;s=rev:1/6,dihedral,D2,2,4,r=rev:1/6;s=rev:1/6,6,6,1,2,1;r s,2,true,direct_product,true,6,d2;dihedral;dihedral_choreography;direct_product;graph_nonproduct;image_order_2;time_reversing,6,,,
dihedral-d2-079294b23e0e,dihedral|D2|2|r=rev:1/6;s=rev:2/3,dihedral,D2,2,4,r=rev:1/6;s=rev:2/3,6,6,2,4,1,1,true,trivial,true,6,d2;dihedral;dihedral_choreography;graph_nonproduct;image_order_4;time_reversing;trivial,6,,,
dihedral-d2-3709b9b36c74,dihedral|D2|2|r=rev:1/6;s=shift:0/1,dihedral,D2,2,4,r=rev:1/6;s=shift:0/1,6,6,1,2,1;s,2,true,direct_product,true,6,d2;dihedral;dihedral_choreography;direct_product;graph_nonproduct;image_order_2;time_reversing,6,,,
dihedral-d2-06f1dc5364b6,dihedral|D2|2|r=rev:1/6;s=shift:1/2,dihedral,D2,2,4,r=rev:1/6;s=shift:1/2,6,6,2,4,1,1,true,trivial,true,6,d2;dihedral;dihedral_choreography;graph_nonproduct;image_order_4;time_reversing;trivial,6,,,
dihedral-d2-c9bde9d24707,dihedral|D2|2|r=rev:1/8;s=rev:1/8,dihedral,D2,2,4,r=rev:1/8;s=rev:1/8,8,8,1,2,1;r s,2,true,direct_product,true,8,d2;dihedral;dihedral_choreography;direct_product;graph_nonproduct;image_order_2;time_reversing,8,,,
dihedral-d2-8e6845eb0f3c,dihedral|D2|2|r=rev:1/8;s=rev:5/8,dihedral,D2,2,4,r=rev:1/8;s=rev:5/8,8,8,2,4,1,1,true,trivial,true,8,d2;dihedral;dihedral_choreography;graph_nonproduct;image_order_4;time_reversing;trivial,8,,,
dihedral-d2-9098ff63f769,dihedral|D2|2|r=rev:1/8;s=shift:0/1,dihedral,D2,2,4,r=rev:1/8;s=shift:0/1,8,8,1,2,1;s,2,true,direct_product,true,8,d2;dihedral;dihedral_choreography;direct_product;graph_nonproduct;image_order_2;time_reversing,8,,,
dihedral-d2-00cf4e69230a,dihedral|D2|2|r=rev:1/8;s=shift:1/2,dihedral,D2,2,4,r=rev:1/8;s=shift:1/2,8,8,2,4,1,1,true,trivial,true,8,d2;dihedral;dihedral_choreography;graph_nonproduct;image_order_4;time_reversing;trivial,8,,,
dihedral-d2-123245f6c965,dihedral|D2|2|r=shift:0/1;s=rev:0/1,dihedral,D2,2,4,r=shift:0/1;s=rev:0/1,2,1,1,2,1;r,2,true,direct_product,true,1,d2;dihedral;dihedral_choreography;direct_product;graph_nonproduct;image_order_2;time_reversing,2;3;4;5;6;7;8;9;10;11;12,,,
dihedral-d2-37ba93d27aa7,dihedral|D2|2|r=shift:0/1;s=rev:1/10,dihedral,D2,2,4,r=shift:0/1;s=rev:1/10,10,10,1,2,1;r,2,true,direct_product,true,10,d2;dihedral;dihedral_choreography;direct_product;graph_nonproduct;image_order_2;time_reversing,10,,,
dihedral-d2-6184309c133f,dihedral|D2|2|r=shift:0/1;s=rev:1/12,dihedral,D2,2,4,r=shift:0/1;s=rev:1/12,12,12,1,2,1;r,2,true,direct_product,true,12,d2;dihedral;dihedral_choreography;direct_product;graph_nonproduct;image_order_2;time_reversing,12,,,
dihedral-d2-56b338019c64,dihedral|D2|2|r=shift:0/1;s=rev:1/2,dihedral,D2,2,4,r=shift:0/1;s=rev:1/2,2,2,1,2,1;r,2,true,direct_product,true,2,d2;dihedral;dihedral_choreography;direct_product;graph_nonproduct;image_order_2;time_reversing,2,,,
dihedral-d2-237ba7bbbcce,dihedral|D2|2|r=shift:0/1;s=rev:1/4,dihedral,D2,2,4,r=shift:0/1;s=rev:1/4,4,4,1,2,1;r,2,true,direct_product,true,4,d2;dihedral;dihedral_choreography;direct_product;graph_nonproduct;image_order_2;time_reversing,4,,,
dihedral-d2-af0130079da2,dihedral|D2|2|r=shift:0/1;s=rev:1/6,dihedral,D2,2,4,r=shift:0/1;s=rev:1/6,6,6,1,2,1;r,2,true,direct_product,true,6,d2;dihedral;dihedral_choreography;direct_product;graph_nonproduct;image_order_2;time_reversing,6,,,
dihedral-d2-fa207b30683b,dihedral|D2|2|r=shift:0/1;s=rev:1/8,dihedral,D2,2,4,r=shift:0/1;s=rev:1/8,8,8,1,2,1;r,2,true,direct_product,true,8,d2;dihedral;dihedral_choreography;direct_product;graph_nonproduct;image_order_2;time_reversing,8,,,
dihedral-d2-cb2df86796ec,dihedral|D2|2|r=shift:0/1;s=shift:1/2,dihedral,D2,2,4,r=shift:0/1;s=shift:1/2,2,2,2,2,1;r,2,true,direct_product,false,2,d2;dihedral;dihedral_choreography;direct_product;graph_nonproduct;image_order_2;phase_shifting,2;4;6;8;10;12,,,
dihedral-d2-9094450fe642,dihedral|D2|2|r=shift:1/2;s=rev:0/1,dihedral,D2,2,4,r=shift:1/2;s=rev:0/1,2,2,2,4,1,1,true,trivial,true,2,d2;dihedral;dihedral_choreography;graph_nonproduct;image_order_4;time_reversing;trivial,2;4;6;8;10;12,,,
dihedral-d2-47cd36a2de4c,dihedral|D2|2|r=shift:1/2;s=rev:1/10,dihedral,D2,2,4,r=shift:1/2;s=rev:1/10,10,10,2,4,1,1,true,trivial,true,10,d2;dihedral;dihedral_choreography;graph_nonproduct;image_order_4;time_reversing;trivial,10,,,
dihedral-d2-73ec56beec1d,dihedral|D2|2|r=shift:1/2;s=rev:1/12,dihedral,D2,2,4,r=shift:1/2;s=rev:1/12,12,12,2,4,1,1,true,trivial,true,12,d2;dihedral;dihedral_choreography;graph_nonproduct;image_order_4;time_reversing;trivial,12,,,
dihedral-d2-e0e02ed6aa30,dihedral|D2|2|r=shift:1/2;s=rev:1/2,dihedral,D2,2,4,r=shift:1/2;s=rev:1/2,2,2,2,4,1,1,true,trivial,true,2,d2;dihedral;dihedral_choreography;graph_nonproduct;image_order_4;time_reversing;trivial,2,,,
dihedral-d2-9ae583c8ec50,dihedral|D2|2|r=shift:1/2;s=rev:1/4,dihedral,D2,2,4,r=shift:1/2;s=rev:1/4,4,4,2,4,1,1,true,trivial,true,4,d2;dihedral;dihedral_choreography;graph_nonproduct;image_order_4;time_reversing;trivial,4,,,
dihedral-d2-4458a67e94e9,dihedral|D2|2|r=shift:1/2;s=rev:1/6,dihedral,D2,2,4,r=shift:1/2;s=rev:1/6,6,6,2,4,1,1,true,trivial,true,6,d2;dihedral;dihedral_choreography;graph_nonproduct;image_order_4;time_reversing;trivial,6,,,
dihedral-d2-2446a19b7dc3,dihedral|D2|2|r=shift:1/2;s=rev:1/8,dihedral,D2,2,4,r=shift:1/2;s=rev:1/8,8,8,2,4,1,1,true,trivial,true,8,d2;dihedral;dihedral_choreography;graph_nonproduct;image_order_4;time_reversing;trivial,8,,,
dihedral-d2-59eb4986ae11,dihedral|D2|2|r=shift:1/2;s=shift:0/1,dihedral,D2,2,4,r=shift:1/2;s=shift:0/1,2,2,2,2,1;s,2,true,direct_product,false,2,d2;dihedral;dihedral_choreography;direct_product;graph_nonproduct;image_order_2;phase_shifting,2;4;6;8;10;12,,,
dihedral-d2-992904b77ab3,dihedral|D2|2|r=shift:1/2;s=shift:1/2,dihedral,D2,2,4,r=shift:1/2;s=shift:1/2,2,2,2,2,1;r s,2,true,direct_product,false,2,d2;dihedral;dihedral_choreography;direct_product;graph_nonproduct;image_order_2;phase_shifting,2;4;6;8;10;12,,,
dihedral-d3-5abf5578d2db,dihedral|D3|3|r=shift:0/1;s=rev:0/1,dihedral,D3,3,6,r=shift:0/1;s=rev:0/1,2,1,1,2,1;r;r^2,3,true,split_semidirect,true,1,d3;dihedral;dihedral_choreography;graph_nonproduct;image_order_2;split_semidirect;time_reversing,2;3;4;5;6;7;8;9;10;11;12,,,
dihedral-d3-3ffe0c30d5ab,dihedral|D3|3|r=shift:0/1;s=rev:1/10,dihedral,D3,3,6,r=shift:0/1;s=rev:1/10,10,10,1,2,1;r;r^2,3,true,split_semidirect,true,10,d3;dihedral;dihedral_choreography;graph_nonproduct;image_order_2;split_semidirect;time_reversing,10,,,
dihedral-d3-99b1e720dc65,dihedral|D3|3|r=shift:0/1;s=rev:1/12,dihedral,D3,3,6,r=shift:0/1;s=rev:1/12,12,12,1,2,1;r;r^2,3,true,split_semidirect,true,12,d3;dihedral;dihedral_choreography;graph_nonproduct;image_order_2;split_semidirect;time_reversing,12,,,
dihedral-d3-0d94bd26df54,dihedral|D3|3|r=shift:0/1;s=rev:1/2,dihedral,D3,3,6,r=shift:0/1;s=rev:1/2,2,2,1,2,1;r;r^2,3,true,split_semidirect,true,2,d3;dihedral;dihedral_choreography;graph_nonproduct;image_order_2;split_semidirect;time_reversing,2,,,
dihedral-d3-73186d42f79b,dihedral|D3|3|r=shift:0/1;s=rev:1/4,dihedral,D3,3,6,r=shift:0/1;s=rev:1/4,4,4,1,2,1;r;r^2,3,true,split_semidirect,true,4,d3;dihedral;dihedral_choreography;graph_nonproduct;image_order_2;split_semidirect;time_reversing,4,,,
dihedral-d3-a590cfe46739,dihedral|D3|3|r=shift:0/1;s=rev:1/6,dihedral,D3,3,6,r=shift:0/1;s=rev:1/6,6,6,1,2,1;r;r^2,3,true,split_semidirect,true,6,d3;dihedral;dihedral_choreography;graph_nonproduct;image_order_2;split_semidirect;time_reversing,6,,,
dihedral-d3-be00c658dfb6,dihedral|D3|3|r=shift:0/1;s=rev:1/8,dihedral,D3,3,6,r=shift:0/1;s=rev:1/8,8,8,1,2,1;r;r^2,3,true,split_semidirect,true,8,d3;dihedral;dihedral_choreography;graph_nonproduct;image_order_2;split_semidirect;time_reversing,8,,,
dihedral-d3-dfb9a405362b,dihedral|D3|3|r=shift:0/1;s=shift:1/2,dihedral,D3,3,6,r=shift:0/1;s=shift:1/2,2,2,2,2,1;r;r^2,3,true,split_semidirect,false,2,d3;dihedral;dihedral_choreography;graph_nonproduct;image_order_2;phase_shifting;split_semidirect,2;4;6;8;10;12,,,
dihedral-d3-bf30fa6feb61,dihedral|D3|3|r=shift:1/3;s=rev:0/1,dihedral,D3,3,6,r=shift:1/3;s=rev:0/1,3,3,3,6,1,1,true,trivial,true,3,d3;dihedral;dihedral_choreography;graph_nonproduct;image_order_6;time_reversing;trivial,3;6;9;12,,,
dihedral-d3-ce927582182b,dihedral|D3|3|r=shift:1/3;s=rev:1/12,dihedral,D3,3,6,r=shift:1/3;s=rev:1/12,12,12,3,6,1,1,true,trivial,true,12,d3;dihedral;dihedral_choreography;graph_nonproduct;image_order_6;time_reversing;trivial,12,,,
dihedral-d3-e7a84656f688,dihedral|D3|3|r=shift:1/3;s=rev:1/6,dihedral,D3,3,6,r=shift:1/3;s=rev:1/6,6,6,3,6,1,1,true,trivial,true,6,d3;dihedral;dihedral_choreography;graph_nonproduct;image_order_6;time_reversing;trivial,6,,,
dihedral-d4-139e3e086463,dihedral|D4|4|r=rev:0/1;s=rev:0/1,dihedral,D4,4,8,r=rev:0/1;s=rev:0/1,2,1,1,2,1;r^2;r s;r^3 s,4,true,split_semidirect,true,1,d4;dihedral;dihedral_choreography;graph_nonproduct;image_order_2;split_semidirect;time_reversing,2;3;4;5;6;7;8;9;10;11;12,,,
dihedral-d4-d1b47c07672b,dihedral|D4|4|r=rev:0/1;s=rev:1/2,dihedral,D4,4,8,r=rev:0/1;s=rev:1/2,2,2,2,4,1;r^2,2,true,non_split,true,2,d4;dihedral;dihedral_choreography;graph_nonproduct;image_order_4;non_split;time_reversing,2;4;6;8;10;12,,,
dihedral-d4-979f51a11dac,dihedral|D4|4|r=rev:0/1;s=shift:0/1,dihedral,D4,4,8,r=rev:0/1;s=shift:0/1,2,1,1,2,1;r^2;s;r^2 s,4,true,split_semidirect,true,1,d4;dihedral;dihedral_choreography;graph_nonproduct;image_order_2;split_semidirect;time_reversing,2;3;4;5;6;7;8;9;10;11;12,,,
dihedral-d4-1b9443d53d52,dihedral|D4|4|r=rev:0/1;s=shift:1/2,dihedral,D4,4,8,r=rev:0/1;s=shift:1/2,2,2,2,4,1;r^2,2,true,non_split,true,2,d4;dihedral;dihedral_choreography;graph_nonproduct;image_order_4;non_split;time_reversing,2;4;6;8;10;12,,,
dihedral-d4-e05b910eec0c,dihedral|D4|4|r=rev:1/10;s=rev:1/10,dihedral,D4,4,8,r=rev:1/10;s=rev:1/10,10,10,1,2,1;r^2;r s;r^3 s,4,true,split_semidirect,true,10,d4;dihedral;dihedral_choreography;graph_nonproduct;image_order_2;split_semidirect;time_reversing,10,,,
dihedral-d4-d0e94a5d681f,dihedral|D4|4|r=rev:1/10;s=rev:3/5,dihedral,D4,4,8,r=rev:1/10;s=rev:3/5,10,10,2,4,1;r^2,2,true,non_split,true,10,d4;dihedral;dihedral_choreography;graph_nonproduct;image_order_4;non_split;time_reversing,10,,,
dihedral-d4-75fc00e69c07,dihedral|D4|4|r=rev:1/10;s=shift:0/1,dihedral,D4,4,8,r=rev:1/10;s=shift:0/1,10,10,1,2,1;r^2;s;r^2 s,4,true,split_semidirect,true,10,d4;dihedral;dihedral_choreography;graph_nonproduct;image_order_2;split_semidirect;time_reversing,10,,,
dihedral-d4-e691ba23e30e,dihedral|D4|4|r=rev:1/10;s=shift:1/2,dihedral,D4,4,8,r=rev:1/10;s=shift:1/2,10,10,2,4,1;r^2,2,true,non_split,true,10,d4;dihedral;dihedral_choreography;graph_nonproduct;image_order_4;non_split;time_reversing,10,,,
dihedral-d4-8a5375ffcdb1,dihedral|D4|4|r=rev:1/12;s=rev:1/12,dihedral,D4,4,8,r=rev:1/12;s=rev:1/12,12,12,1,2,1;r^2;r s;r^3 s,4,true,split_semidirect,true,12,d4;dihedral;dihedral_choreography;graph_nonproduct;image_order_2;split_semidirect;time_reversing,12,,,
dihedral-d4-785a6db7930e,dihedral|D4|4|r=rev:1/12;s=rev:7/12,dihedral,D4,4,8,r=rev:1/12;s=rev:7/12,12,12,2,4,1;r^2,2,true,non_split,true,12,d4;dihedral;dihedral_choreography;graph_nonproduct;image_order_4;non_split;time_reversing,12,,,
dihedral-d4-e6fab73193cd,dihedral|D4|4|r=rev:1/12;s=shift:0/1,dihedral,D4,4,8,r=rev:1/12;s=shift:0/1,12,12,1,2,1;r^2;s;r^2 s,4,true,split_semidirect,true,12,d4;dihedral;dihedral_choreography;graph_nonproduct;image_order_2;split_semidirect;time_reversing,12,,,
dihedral-d4-c1799d28c45a,dihedral|D4|4|r=rev:1/12;s=shift:1/2,dihedral,D4,4,8,r=rev:1/12;s=shift:1/2,12,12,2,4,1;r^2,2,true,non_split,true,12,d4;dihedral;dihedral_choreography;graph_nonproduct;image_order_4;non_split;time_reversing,12,,,
dihedral-d4-afc10313cce9,dihedral|D4|4|r=rev:1/2;s=rev:0/1,dihedral,D4,4,8,r=rev:1/2;s=rev:0/1,2,2,2,4,1;r^2,2,true,non_split,true,2,d4;dihedral;dihedral_choreography;graph_nonproduct;image_order_4;non_split;time_reversing,2,,,
dihedral-d4-8fa574764139,dihedral|D4|4|r=rev:1/2;s=rev:1/2,dihedral,D4,4,8,r=rev:1/2;s=rev:1/2,2,2,1,2,1;r^2;r s;r^3 s,4,true,split_semidirect,true,2,d4;dihedral;dihedral_choreography;graph_nonproduct;image_order_2;split_semidirect;time_reversing,2,,,
dihedral-d4-41028daaaa45,dihedral|D4|4|r=rev:1/2;s=shift:0/1,dihedral,D4,4,8,r=rev:1/2;s=shift:0/1,2,2,1,2,1;r^2;s;r^2 s,4,true,split_semidirect,true,2,d4;dihedral;dihedral_choreography;graph_nonproduct;image_order_2;split_semidirect;time_reversing,2,,,
dihedral-d4-e8dd799dca3c,dihedral|D4|4|r=rev:1/2;s=shift:1/2,dihedral,D4,4,8,r=rev:1/2;s=shift:1/2,2,2,2,4,1;r^2,2,true,non_split,true,2,d4;dihedral;dihedral_choreography;graph_nonproduct;image_order_4;non_split;time_reversing,2,,,
dihedral-d4-4c0ff73638c9,dihedral|D4|4|r=rev:1/4;s=rev:1/4,dihedral,D4,4,8,r=rev:1/4;s=rev:1/4,4,4,1,2,1;r^2;r s;r^3 s,4,true,split_semidirect,true,4,d4;dihedral;dihedral_choreography;graph_nonproduct;image_order_2;split_semidirect;time_reversing,4,,,
dihedral-d4-e45f0e46e0c0,dihedral|D4|4|r=rev:1/4;s=rev:3/4,dihedral,D4,4,8,r=rev:1/4;s=rev:3/4,4,4,2,4,1;r^2,2,true,non_split,true,4,d4;dihedral;dihedral_choreography;graph_nonproduct;image_order_4;non_split;time_reversing,4,,,
dihedral-d4-57f005c8a73e,dihedral|D4|4|r=rev:1/4;s=shift:0/1,dihedral,D4,4,8,r=rev:1/4;s=shift:0/1,4,4,1,2,1;r^2;s;r^2 s,4,true,split_semidirect,true,4,d4;dihedral;dihedral_choreography;graph_nonproduct;image_order_2;split_semidirect;time_reversing,4,,,
dihedral-d4-1da92bd4cc12,dihedral|D4|4|r=rev:1/4;s=shift:1/2,dihedral,D4,4,8,r=rev:1/4;s=shift:1/2,4,4,2,4,1;r^2,2,true,non_split,true,4,d4;dihedral;dihedral_choreography;graph_nonproduct;image_order_4;non_split;time_reversing,4,,,
dihedral-d4-79bac3b0b1c3,dihedral|D4|4|r=rev:1/6;s=rev:1/6,dihedral,D4,4,8,r=rev:1/6;s=rev:1/6,6,6,1,2,1;r^2;r s;r^3 s,4,true,split_semidirect,true,6,d4;dihedral;dihedral_choreography;graph_nonproduct;image_order_2;split_semidirect;time_reversing,6,,,
dihedral-d4-5d53b0df7942,dihedral|D4|4|r=rev:1/6;s=rev:2/3,dihedral,D4,4,8,r=rev:1/6;s=rev:2/3,6,6,2,4,1;r^2,2,true,non_split,true,6,d4;dihedral;dihedral_choreography;graph_nonproduct;image_order_4;non_split;time_reversing,6,,,
dihedral-d4-367a38e21548,dihedral|D4|4|r=rev:1/6;s=shift:0/1,dihedral,D4,4,8,r=rev:1/6;s=shift:0/1,6,6,1,2,1;r^2;s;r^2 s,4,true,split_semidirect,true,6,d4;dihedral;dihedral_choreography;graph_nonproduct;image_order_2;split_semidirect;time_reversing,6,,,
dihedral-d4-9771227dc512,dihedral|D4|4|r=rev:1/6;s=shift:1/2,dihedral,D4,4,8,r=rev:1/6;s=shift:1/2,6,6,2,4,1;r^2,2,true,non_split,true,6,d4;dihedral;dihedral_choreography;graph_nonproduct;image_order_4;non_split;time_reversing,6,,,
dihedral-d4-b99e22424175,dihedral|D4|4|r=rev:1/8;s=rev:1/8,dihedral,D4,4,8,r=rev:1/8;s=rev:1/8,8,8,1,2,1;r^2;r s;r^3 s,4,true,split_semidirect,true,8,d4;dihedral;dihedral_choreography;graph_nonproduct;image_order_2;split_semidirect;time_reversing,8,,,
dihedral-d4-a42a1f3171a6,dihedral|D4|4|r=rev:1/8;s=rev:5/8,dihedral,D4,4,8,r=rev:1/8;s=rev:5/8,8,8,2,4,1;r^2,2,true,non_split,true,8,d4;dihedral;dihedral_choreography;graph_nonproduct;image_order_4;non_split;time_reversing,8,,,
dihedral-d4-3d20c8fa3c0f,dihedral|D4|4|r=rev:1/8;s=shift:0/1,dihedral,D4,4,8,r=rev:1/8;s=shift:0/1,8,8,1,2,1;r^2;s;r^2 s,4,true,split_semidirect,true,8,d4;dihedral;dihedral_choreography;graph_nonproduct;image_order_2;split_semidirect;time_reversing,8,,,
dihedral-d4-827a295df4d3,dihedral|D4|4|r=rev:1/8;s=shift:1/2,dihedral,D4,4,8,r=rev:1/8;s=shift:1/2,8,8,2,4,1;r^2,2,true,non_split,true,8,d4;dihedral;dihedral_choreography;graph_nonproduct;image_order_4;non_split;time_reversing,8,,,
dihedral-d4-fe8458a23a10,dihedral|D4|4|r=shift:0/1;s=rev:0/1,dihedral,D4,4,8,r=shift:0/1;s=rev:0/1,2,1,1,2,1;r;r^2;r^3,4,true,split_semidirect,true,1,d4;dihedral;dihedral_choreography;graph_nonproduct;image_order_2;split_semidirect;time_reversing,2;3;4;5;6;7;8;9;10;11;12,,,
dihedral-d4-37fdd48496b6,dihedral|D4|4|r=shift:0/1;s=rev:1/10,dihedral,D4,4,8,r=shift:0/1;s=rev:1/10,10,10,1,2,1;r;r^2;r^3,4,true,split_semidirect,true,10,d4;dihedral;dihedral_choreography;graph_nonproduct;image_order_2;split_semidirect;time_reversing,10,,,
dihedral-d4-f4219e0b14ba,dihedral|D4|4|r=shift:0/1;s=rev:1/12,dihedral,D4,4,8,r=shift:0/1;s=rev:1/12,12,12,1,2,1;r;r^2;r^3,4,true,split_semidirect,true,12,d4;dihedral;dihedral_choreography;graph_nonproduct;image_order_2;split_semidirect;time_reversing,12,,,
dihedral-d4-9b0846fba6b2,dihedral|D4|4|r=shift:0/1;s=rev:1/2,dihedral,D4,4,8,r=shift:0/1;s=rev:1/2,2,2,1,2,1;r;r^2;r^3,4,true,split_semidirect,true,2,d4;dihedral;dihedral_choreography;graph_nonproduct;image_order_2;split_semidirect;time_reversing,2,,,
dihedral-d4-b3b10b809475,dihedral|D4|4|r=shift:0/1;s=rev:1/4,dihedral,D4,4,8,r=shift:0/1;s=rev:1/4,4,4,1,2,1;r;r^2;r^3,4,true,split_semidirect,true,4,d4;dihedral;dihedral_choreography;graph_nonproduct;image_order_2;split_semidirect;time_reversing,4,,,
dihedral-d4-a1492f9253eb,dihedral|D4|4|r=shift:0/1;s=rev:1/6,dihedral,D4,4,8,r=shift:0/1;s=rev:1/6,6,6,1,2,1;r;r^2;r^3,4,true,split_semidirect,true,6,d4;dihedral;dihedral_choreography;graph_nonproduct;image_order_2;split_semidirect;time_reversing,6,,,
dihedral-d4-b55528241dfe,dihedral|D4|4|r=shift:0/1;s=rev:1/8,dihedral,D4,4,8,r=shift:0/1;s=rev:1/8,8,8,1,2,1;r;r^2;r^3,4,true,split_semidirect,true,8,d4;dihedral;dihedral_choreography;graph_nonproduct;image_order_2;split_semidirect;time_reversing,8,,,
dihedral-d4-be4f76747de8,dihedral|D4|4|r=shift:0/1;s=shift:1/2,dihedral,D4,4,8,r=shift:0/1;s=shift:1/2,2,2,2,2,1;r;r^2;r^3,4,true,split_semidirect,false,2,d4;dihedral;dihedral_choreography;graph_nonproduct;image_order_2;phase_shifting;split_semidirect,2;4;6;8;10;12,,,
dihedral-d4-681af57a95a9,dihedral|D4|4|r=shift:1/2;s=rev:0/1,dihedral,D4,4,8,r=shift:1/2;s=rev:0/1,2,2,2,4,1;r^2,2,true,non_split,true,2,d4;dihedral;dihedral_choreography;graph_nonproduct;image_order_4;non_split;time_reversing,2;4;6;8;10;12,,,
dihedral-d4-294e6e334a88,dihedral|D4|4|r=shift:1/2;s=rev:1/10,dihedral,D4,4,8,r=shift:1/2;s=rev:1/10,10,10,2,4,1;r^2,2,true,non_split,true,10,d4;dihedral;dihedral_choreography;graph_nonproduct;image_order_4;non_split;time_reversing,10,,,
dihedral-d4-e1891f4b6810,dihedral|D4|4|r=shift:1/2;s=rev:1/12,dihedral,D4,4,8,r=shift:1/2;s=rev:1/12,12,12,2,4,1;r^2,2,true,non_split,true,12,d4;dihedral;dihedral_choreography;graph_nonproduct;image_order_4;non_split;time_reversing,12,,,
dihedral-d4-da14c2e20a80,dihedral|D4|4|r=shift:1/2;s=rev:1/2,dihedral,D4,4,8,r=shift:1/2;s=rev:1/2,2,2,2,4,1;r^2,2,true,non_split,true,2,d4;dihedral;dihedral_choreography;graph_nonproduct;image_order_4;non_split;time_reversing,2,,,
dihedral-d4-2d5a76877955,dihedral|D4|4|r=shift:1/2;s=rev:1/4,dihedral,D4,4,8,r=shift:1/2;s=rev:1/4,4,4,2,4,1;r^2,2,true,non_split,true,4,d4;dihedral;dihedral_choreography;graph_nonproduct;image_order_4;non_split;time_reversing,4,,,
dihedral-d4-a0e038c8b83d,dihedral|D4|4|r=shift:1/2;s=rev:1/6,dihedral,D4,4,8,r=shift:1/2;s=rev:1/6,6,6,2,4,1;r^2,2,true,non_split,true,6,d4;dihedral;dihedral_choreography;graph_nonproduct;image_order_4;non_split;time_reversing,6,,,
dihedral-d4-61f3902c2c0e,dihedral|D4|4|r=shift:1/2;s=rev:1/8,dihedral,D4,4,8,r=shift:1/2;s=rev:1/8,8,8,2,4,1;r^2,2,true,non_split,true,8,d4;dihedral;dihedral_choreography;graph_nonproduct;image_order_4;non_split;time_reversing,8,,,
dihedral-d4-749c3c3be945,dihedral|D4|4|r=shift:1/2;s=shift:0/1,dihedral,D4,4,8,r=shift:1/2;s=shift:0/1,2,2,2,2,1;r^2;s;r^2 s,4,true,split_semidirect,false,2,d4;dihedral;dihedral_choreography;graph_nonproduct;image_order_2;phase_shifting;split_semidirect,2;4;6;8;10;12,,,
dihedral-d4-cf48ad340e13,dihedral|D4|4|r=shift:1/2;s=shift:1/2,dihedral,D4,4,8,r=shift:1/2;s=shift:1/2,2,2,2,2,1;r^2;r s;r^3 s,4,true,split_semidirect,false,2,d4;dihedral;dihedral_choreography;graph_nonproduct;image_order_2;phase_shifting;split_semidirect,2;4;6;8;10;12,,,
dihedral-d4-78845b0d4e57,dihedral|D4|4|r=shift:1/4;s=rev:0/1,dihedral,D4,4,8,r=shift:1/4;s=rev:0/1,4,4,4,8,1,1,true,trivial,true,4,d4;dihedral;dihedral_choreography;graph_nonproduct;image_order_8;time_reversing;trivial,4;8;12,,,
dihedral-d4-e0ba020f1e9d,dihedral|D4|4|r=shift:1/4;s=rev:1/12,dihedral,D4,4,8,r=shift:1/4;s=rev:1/12,12,12,4,8,1,1,true,trivial,true,12,d4;dihedral;dihedral_choreography;graph_nonproduct;image_order_8;time_reversing;trivial,12,,,
dihedral-d4-175fec7a5308,dihedral|D4|4|r=shift:1/4;s=rev:1/4,dihedral,D4,4,8,r=shift:1/4;s=rev:1/4,4,4,4,8,1,1,true,trivial,true,4,d4;dihedral;dihedral_choreography;graph_nonproduct;image_order_8;time_reversing;trivial,4,,,
dihedral-d4-b601a4f13fb1,dihedral|D4|4|r=shift:1/4;s=rev:1/8,dihedral,D4,4,8,r=shift:1/4;s=rev:1/8,8,8,4,8,1,1,true,trivial,true,8,d4;dihedral;dihedral_choreography;graph_nonproduct;image_order_8;time_reversing;trivial,8,,,
dihedral-d6-26285435d0eb,dihedral|D6|6|r=rev:0/1;s=rev:0/1,dihedral,D6,6,12,r=rev:0/1;s=rev:0/1,2,1,1,2,1;r^2;r^4;r s;r^3 s;r^5 s,6,true,direct_product,true,1,d6;dihedral;dihedral_choreography;direct_product;graph_nonproduct;image_order_2;time_reversing,2;3;4;5;6;7;8;9;10;11;12,,,
dihedral-d6-eaf00ec1cbb5,dihedral|D6|6|r=rev:0/1;s=rev:1/2,dihedral,D6,6,12,r=rev:0/1;s=rev:1/2,2,2,2,4,1;r^2;r^4,3,true,split_semidirect,true,2,d6;dihedral;dihedral_choreography;graph_nonproduct;image_order_4;split_semidirect;time_reversing,2;4;6;8;10;12,,,
dihedral-d6-c6a33a526fa7,dihedral|D6|6|r=rev:0/1;s=shift:0/1,dihedral,D6,6,12,r=rev:0/1;s=shift:0/1,2,1,1,2,1;r^2;r^4;s;r^2 s;r^4 s,6,true,direct_product,true,1,d6;dihedral;dihedral_choreography;direct_product;graph_nonproduct;image_order_2;time_reversing,2;3;4;5;6;7;8;9;10;11;12,,,
dihedral-d6-42d4b0886957,dihedral|D6|6|r=rev:0/1;s=shift:1/2,dihedral,D6,6,12,r=rev:0/1;s=shift:1/2,2,2,2,4,1;r^2;r^4,3,true,split_semidirect,true,2,d6;dihedral;dihedral_choreography;graph_nonproduct;image_order_4;split_semidirect;time_reversing,2;4;6;8;10;12,,,
dihedral-d6-0f343fd53851,dihedral|D6|6|r=rev:1/10;s=rev:1/10,dihedral,D6,6,12,r=rev:1/10;s=rev:1/10,10,10,1,2,1;r^2;r^4;r s;r^3 s;r^5 s,6,true,direct_product,true,10,d6;dihedral;dihedral_choreography;direct_product;graph_nonproduct;image_order_2;time_reversing,10,,,
dihedral-d6-2c9b005e948f,dihedral|D6|6|r=rev:1/10;s=rev:3/5,dihedral,D6,6,12,r=rev:1/10;s=rev:3/5,10,10,2,4,1;r^2;r^4,3,true,split_semidirect,true,10,d6;dihedral;dihedral_choreography;graph_nonproduct;image_order_4;split_semidirect;time_reversing,10,,,
dihedral-d6-3e83d73fd0af,dihedral|D6|6|r=rev:1/10;s=shift:0/1,dihedral,D6,6,12,r=rev:1/10;s=shift:0/1,10,10,1,2,1;r^2;r^4;s;r^2 s;r^4 s,6,true,direct_product,true,10,d6;dihedral;dihedral_choreography;direct_product;graph_nonproduct;image_order_2;time_reversing,10,,,
dihedral-d6-7d5cc73d513e,dihedral|D6|6|r=rev:1/10;s=shift:1/2,dihedral,D6,6,12,r=rev:1/10;s=shift:1/2,10,10,2,4,1;r^2;r^4,3,true,split_semidirect,true,10,d6;dihedral;dihedral_choreography;graph_nonproduct;image_order_4;split_semidirect;time_reversing,10,,,
dihedral-d6-82fea1809621,dihedral|D6|6|r=rev:1/12;s=rev:1/12,dihedral,D6,6,12,r=rev:1/12;s=rev:1/12,12,12,1,2,1;r^2;r^4;r s;r^3 s;r^5 s,6,true,direct_product,true,12,d6;dihedral;dihedral_choreography;direct_product;graph_nonproduct;image_order_2;time_reversing,12,,,
dihedral-d6-136e234c4000,dihedral|D6|6|r=rev:1/12;s=rev:7/12,dihedral,D6,6,12,r=rev:1/12;s=rev:7/12,12,12,2,4,1;r^2;r^4,3,true,split_semidirect,true,12,d6;dihedral;dihedral_choreography;graph_nonproduct;image_order_4;split_semidirect;time_reversing,12,,,
dihedral-d6-369823bc0487,dihedral|D6|6|r=rev:1/12;s=shift:0/1,dihedral,D6,6,12,r=rev:1/12;s=shift:0/1,12,12,1,2,1;r^2;r^4;s;r^2 s;r^4 s,6,true,direct_product,true,12,d6;dihedral;dihedral_choreography;direct_product;graph_nonproduct;image_order_2;time_reversing,12,,,
dihedral-d6-834e7629a5c8,dihedral|D6|6|r=rev:1/12;s=shift:1/2,dihedral,D6,6,12,r=rev:1/12;s=shift:1/2,12,12,2,4,1;r^2;r^4,3,true,split_semidirect,true,12,d6;dihedral;dihedral_choreography;graph_nonproduct;image_order_4;split_semidirect;time_reversing,12,,,
dihedral-d6-fe9644280894,dihedral|D6|6|r=rev:1/2;s=rev:0/1,dihedral,D6,6,12,r=rev:1/2;s=rev:0/1,2,2,2,4,1;r^2;r^4,3,true,split_semidirect,true,2,d6;dihedral;dihedral_choreography;graph_nonproduct;image_order_4;split_semidirect;time_reversing,2,,,
dihedral-d6-4f28dfe3d736,dihedral|D6|6|r=rev:1/2;s=rev:1/2,dihedral,D6,6,12,r=rev:1/2;s=rev:1/2,2,2,1,2,1;r^2;r^4;r s;r^3 s;r^5 s,6,true,direct_product,true,2,d6;dihedral;dihedral_choreography;direct_product;graph_nonproduct;image_order_2;time_reversing,2,,,
dihedral-d6-05e8b45a79a7,dihedral|D6|6|r=rev:1/2;s=shift:0/1,dihedral,D6,6,12,r=rev:1/2;s=shift:0/1,2,2,1,2,1;r^2;r^4;s;r^2 s;r^4 s,6,true,direct_product,true,2,d6;dihedral;dihedral_choreography;direct_product;graph_nonproduct;image_order_2;time_reversing,2,,,
dihedral-d6-7ad07dcea101,dihedral|D6|6|r=rev:1/2;s=shift:1/2,dihedral,D6,6,12,r=rev:1/2;s=shift:1/2,2,2,2,4,1;r^2;r^4,3,true,split_semidirect,true,2,d6;dihedral;dihedral_choreography;graph_nonproduct;image_order_4;split_semidirect;time_reversing,2,,,
dihedral-d6-d6be4f1e8a6d,dihedral|D6|6|r=rev:1/4;s=rev:1/4,dihedral,D6,6,12,r=rev:1/4;s=rev:1/4,4,4,1,2,1;r^2;r^4;r s;r^3 s;r^5 s,6,true,direct_product,true,4,d6;dihedral;dihedral_choreography;direct_product;graph_nonproduct;image_order_2;time_reversing,4,,,
dihedral-d6-08300d414807,dihedral|D6|6|r=rev:1/4;s=rev:3/4,dihedral,D6,6,12,r=rev:1/4;s=rev:3/4,4,4,2,4,1;r^2;r^4,3,true,split_semidirect,true,4,d6;dihedral;dihedral_choreography;graph_nonproduct;image_order_4;split_semidirect;time_reversing,4,,,
dihedral-d6-b40e6ed0d1c4,dihedral|D6|6|r=rev:1/4;s=shift:0/1,dihedral,D6,6,12,r=rev:1/4;s=shift:0/1,4,4,1,2,1;r^2;r^4;s;r^2 s;r^4 s,6,true,direct_product,true,4,d6;dihedral;dihedral_choreography;direct_product;graph_nonproduct;image_order_2;time_reversing,4,,,
dihedral-d6-e53206e1316b,dihedral|D6|6|r=rev:1/4;s=shift:1/2,dihedral,D6,6,12,r=rev:1/4;s=shift:1/2,4,4,2,4,1;r^2;r^4,3,true,split_semidirect,true,4,d6;dihedral;dihedral_choreography;graph_nonproduct;image_order_4;split_semidirect;time_reversing,4,,,
dihedral-d6-33e573bd7281,dihedral|D6|6|r=rev:1/6;s=rev:1/6,dihedral,D6,6,12,r=rev:1/6;s=rev:1/6,6,6,1,2,1;r^2;r^4;r s;r^3 s;r^5 s,6,true,direct_product,true,6,d6;dihedral;dihedral_choreography;direct_product;graph_nonproduct;image_order_2;time_reversing,6,,,
dihedral-d6-72358736f9a6,dihedral|D6|6|r=rev:1/6;s=rev:2/3,dihedral,D6,6,12,r=rev:1/6;s=rev:2/3,6,6,2,4,1;r^2;r^4,3,true,split_semidirect,true,6,d6;dihedral;dihedral_choreography;graph_nonproduct;image_order_4;split_semidirect;time_reversing,6,,,
dihedral-d6-9a9ffa83ce7f,dihedral|D6|6|r=rev:1/6;s=shift:0/1,dihedral,D6,6,12,r=rev:1/6;s=shift:0/1,6,6,1,2,1;r^2;r^4;s;r^2 s;r^4 s,6,true,direct_product,true,6,d6;dihedral;dihedral_choreography;direct_product;graph_nonproduct;image_order_2;time_reversing,6,,,
dihedral-d6-d537535f32c3,dihedral|D6|6|r=rev:1/6;s=shift:1/2,dihedral,D6,6,12,r=rev:1/6;s=shift:1/2,6,6,2,4,1;r^2;r^4,3,true,split_semidirect,true,6,d6;dihedral;dihedral_choreography;graph_nonproduct;image_order_4;split_semidirect;time_reversing,6,,,
dihedral-d6-a3fec03d4eb0,dihedral|D6|6|r=rev:1/8;s=rev:1/8,dihedral,D6,6,12,r=rev:1/8;s=rev:1/8,8,8,1,2,1;r^2;r^4;r s;r^3 s;r^5 s,6,true,direct_product,true,8,d6;dihedral;dihedral_choreography;direct_product;graph_nonproduct;image_order_2;time_reversing,8,,,
dihedral-d6-e224e54c019e,dihedral|D6|6|r=rev:1/8;s=rev:5/8,dihedral,D6,6,12,r=rev:1/8;s=rev:5/8,8,8,2,4,1;r^2;r^4,3,true,split_semidirect,true,8,d6;dihedral;dihedral_choreography;graph_nonproduct;image_order_4;split_semidirect;time_reversing,8,,,
dihedral-d6-9916b841ad44,dihedral|D6|6|r=rev:1/8;s=shift:0/1,dihedral,D6,6,12,r=rev:1/8;s=shift:0/1,8,8,1,2,1;r^2;r^4;s;r^2 s;r^4 s,6,true,direct_product,true,8,d6;dihedral;dihedral_choreography;direct_product;graph_nonproduct;image_order_2;time_reversing,8,,,
dihedral-d6-231b18d04ba7,dihedral|D6|6|r=rev:1/8;s=shift:1/2,dihedral,D6,6,12,r=rev:1/8;s=shift:1/2,8,8,2,4,1;r^2;r^4,3,true,split_semidirect,true,8,d6;dihedral;dihedral_choreography;graph_nonproduct;image_order_4;split_semidirect;time_reversing,8,,,
dihedral-d6-8d92599eaaed,dihedral|D6|6|r=shift:0/1;s=rev:0/1,dihedral,D6,6,12,r=shift:0/1;s=rev:0/1,2,1,1,2,1;r;r^2;r^3;r^4;r^5,6,true,split_semidirect,true,1,d6;dihedral;dihedral_choreography;graph_nonproduct;image_order_2;split_semidirect;time_reversing,2;3;4;5;6;7;8;9;10;11;12,,,
dihedral-d6-6a194473ba47,dihedral|D6|6|r=shift:0/1;s=rev:1/10,dihedral,D6,6,12,r=shift:0/1;s=rev:1/10,10,10,1,2,1;r;r^2;r^3;r^4;r^5,6,true,split_semidirect,true,10,d6;dihedral;dihedral_choreography;graph_nonproduct;image_order_2;split_semidirect;time_reversing,10,,,
dihedral-d6-628306c26b70,dihedral|D6|6|r=shift:0/1;s=rev:1/12,dihedral,D6,6,12,r=shift:0/1;s=rev:1/12,12,12,1,2,1;r;r^2;r^3;r^4;r^5,6,true,split_semidirect,true,12,d6;dihedral;dihedral_choreography;graph_nonproduct;image_order_2;split_semidirect;time_reversing,12,,,
dihedral-d6-6c268db5df04,dihedral|D6|6|r=shift:0/1;s=rev:1/2,dihedral,D6,6,12,r=shift:0/1;s=rev:1/2,2,2,1,2,1;r;r^2;r^3;r^4;r^5,6,true,split_semidirect,true,2,d6;dihedral;dihedral_choreography;graph_nonproduct;image_order_2;split_semidirect;time_reversing,2,,,
dihedral-d6-efcb977b5e9f,dihedral|D6|6|r=shift:0/1;s=rev:1/4,dihedral,D6,6,12,r=shift:0/1;s=rev:1/4,4,4,1,2,1;r;r^2;r^3;r^4;r^5,6,true,split_semidirect,true,4,d6;dihedral;dihedral_choreography;graph_nonproduct;image_order_2;split_semidirect;time_reversing,4,,,
dihedral-d6-9328b3a6a00c,dihedral|D6|6|r=shift:0/1;s=rev:1/6,dihedral,D6,6,12,r=shift:0/1;s=rev:1/6,6,6,1,2,1;r;r^2;r^3;r^4;r^5,6,true,split_semidirect,true,6,d6;dihedral;dihedral_choreography;graph_nonproduct;image_order_2;split_semidirect;time_reversing,6,,,
dihedral-d6-c1eba5259071,dihedral|D6|6|r=shift:0/1;s=rev:1/8,dihedral,D6,6,12,r=shift:0/1;s=rev:1/8,8,8,1,2,1;r;r^2;r^3;r^4;r^5,6,true,split_semidirect,true,8,d6;dihedral;dihedral_choreography;graph_nonproduct;image_order_2;split_semidirect;time_reversing,8,,,
dihedral-d6-dfe75b250916,dihedral|D6|6|r=shift:0/1;s=shift:1/2,dihedral,D6,6,12,r=shift:0/1;s=shift:1/2,2,2,2,2,1;r;r^2;r^3;r^4;r^5,6,true,split_semidirect,false,2,d6;dihedral;dihedral_choreography;graph_nonproduct;image_order_2;phase_shifting;split_semidirect,2;4;6;8;10;12,,,
dihedral-d6-f17dbdc86e6f,dihedral|D6|6|r=shift:1/2;s=rev:0/1,dihedral,D6,6,12,r=shift:1/2;s=rev:0/1,2,2,2,4,1;r^2;r^4,3,true,split_semidirect,true,2,d6;dihedral;dihedral_choreography;graph_nonproduct;image_order_4;split_semidirect;time_reversing,2;4;6;8;10;12,,,
dihedral-d6-c9ed69942b42,dihedral|D6|6|r=shift:1/2;s=rev:1/10,dihedral,D6,6,12,r=shift:1/2;s=rev:1/10,10,10,2,4,1;r^2;r^4,3,true,split_semidirect,true,10,d6;dihedral;dihedral_choreography;graph_nonproduct;image_order_4;split_semidirect;time_reversing,10,,,
dihedral-d6-0aefd45be071,dihedral|D6|6|r=shift:1/2;s=rev:1/12,dihedral,D6,6,12,r=shift:1/2;s=rev:1/12,12,12,2,4,1;r^2;r^4,3,true,split_semidirect,true,12,d6;dihedral;dihedral_choreography;graph_nonproduct;image_order_4;split_semidirect;time_reversing,12,,,
dihedral-d6-7b45b456d80c,dihedral|D6|6|r=shift:1/2;s=rev:1/2,dihedral,D6,6,12,r=shift:1/2;s=rev:1/2,2,2,2,4,1;r^2;r^4,3,true,split_semidirect,true,2,d6;dihedral;dihedral_choreography;graph_nonproduct;image_order_4;split_semidirect;time_reversing,2,,,
dihedral-d6-904f0934c7e3,dihedral|D6|6|r=shift:1/2;s=rev:1/4,dihedral,D6,6,12,r=shift:1/2;s=rev:1/4,4,4,2,4,1;r^2;r^4,3,true,split_semidirect,true,4,d6;dihedral;dihedral_choreography;graph_nonproduct;image_order_4;split_semidirect;time_reversing,4,,,
dihedral-d6-c21f58380ecc,dihedral|D6|6|r=shift:1/2;s=rev:1/6,dihedral,D6,6,12,r=shift:1/2;s=rev:1/6,6,6,2,4,1;r^2;r^4,3,true,split_semidirect,true,6,d6;dihedral;dihedral_choreography;graph_nonproduct;image_order_4;split_semidirect;time_reversing,6,,,
dihedral-d6-af704b343a50,dihedral|D6|6|r=shift:1/2;s=rev:1/8,dihedral,D6,6,12,r=shift:1/2;s=rev:1/8,8,8,2,4,1;r^2;r^4,3,true,split_semidirect,true,8,d6;dihedral;dihedral_choreography;graph_nonproduct;image_order_4;split_semidirect;time_reversing,8,,,
dihedral-d6-a17d507bec06,dihedral|D6|6|r=shift:1/2;s=shift:0/1,dihedral,D6,6,12,r=shift:1/2;s=shift:0/1,2,2,2,2,1;r^2;r^4;s;r^2 s;r^4 s,6,true,direct_product,false,2,d6;dihedral;dihedral_choreography;direct_product;graph_nonproduct;image_order_2;phase_shifting,2;4;6;8;10;12,,,
dihedral-d6-a0bf8f754900,dihedral|D6|6|r=shift:1/2;s=shift:1/2,dihedral,D6,6,12,r=shift:1/2;s=shift:1/2,2,2,2,2,1;r^2;r^4;r s;r^3 s;r^5 s,6,true,direct_product,false,2,d6;dihedral;dihedral_choreography;direct_product;graph_nonproduct;image_order_2;phase_shifting,2;4;6;8;10;12,,,
dihedral-d6-fb0bf602e8c5,dihedral|D6|6|r=shift:1/3;s=rev:0/1,dihedral,D6,6,12,r=shift:1/3;s=rev:0/1,3,3,3,6,1;r^3,2,true,direct_product,true,3,d6;dihedral;dihedral_choreography;direct_product;graph_nonproduct;image_order_6;time_reversing,3;6;9;12,,,
dihedral-d6-91c6181dacd5,dihedral|D6|6|r=shift:1/3;s=rev:1/12,dihedral,D6,6,12,r=shift:1/3;s=rev:1/12,12,12,3,6,1;r^3,2,true,direct_product,true,12,d6;dihedral;dihedral_choreography;direct_product;graph_nonproduct;image_order_6;time_reversing,12,,,
dihedral-d6-1c77b907d5bf,dihedral|D6|6|r=shift:1/3;s=rev:1/6,dihedral,D6,6,12,r=shift:1/3;s=rev:1/6,6,6,3,6,1;r^3,2,true,direct_product,true,6,d6;dihedral;dihedral_choreography;direct_product;graph_nonproduct;image_order_6;time_reversing,6,,,
dihedral-d6-120d6764a96a,dihedral|D6|6|r=shift:1/6;s=rev:0/1,dihedral,D6,6,12,r=shift:1/6;s=rev:0/1,6,6,6,12,1,1,true,trivial,true,6,d6;dihedral;dihedral_choreography;graph_nonproduct;image_order_12;time_reversing;trivial,6;12,,,
dihedral-d6-37ecad3bef78,dihedral|D6|6|r=shift:1/6;s=rev:1/12,dihedral,D6,6,12,r=shift:1/6;s=rev:1/12,12,12,6,12,1,1,true,trivial,true,12,d6;dihedral;dihedral_choreography;graph_nonproduct;image_order_12;time_reversing;trivial,12,,,
dihedral-d6-fc1696e096ab,dihedral|D6|6|r=shift:1/6;s=rev:1/6,dihedral,D6,6,12,r=shift:1/6;s=rev:1/6,6,6,6,12,1,1,true,trivial,true,6,d6;dihedral;dihedral_choreography;graph_nonproduct;image_order_12;time_reversing;trivial,6,,,
reversible_relay-pm-10-b0e3c8813d8b,reversible_relay|pm_wallpaper_cover|10|a=shift:1/10;b=shift:0/1;m=rev:0/1,reversible_relay,pm_wallpaper_cover,10,,a=shift:1/10;b=shift:0/1;m=rev:0/1,10,10,10,20,,,true,non_split,true,10,graph_nonproduct;image_order_20;non_split_cover;pm;reversible_relay;split_finite_quotient;time_reversing;traveling,10,,true,false
reversible_relay-pm-11-c5e9ffd2abe6,reversible_relay|pm_wallpaper_cover|11|a=shift:1/11;b=shift:0/1;m=rev:0/1,reversible_relay,pm_wallpaper_cover,11,,a=shift:1/11;b=shift:0/1;m=rev:0/1,11,11,11,22,,,true,non_split,true,11,graph_nonproduct;image_order_22;non_split_cover;pm;reversible_relay;split_finite_quotient;time_reversing;traveling,11,,true,false
reversible_relay-pm-12-21e5670b2e9b,reversible_relay|pm_wallpaper_cover|12|a=shift:1/12;b=shift:0/1;m=rev:0/1,reversible_relay,pm_wallpaper_cover,12,,a=shift:1/12;b=shift:0/1;m=rev:0/1,12,12,12,24,,,true,non_split,true,12,graph_nonproduct;image_order_24;non_split_cover;pm;reversible_relay;split_finite_quotient;time_reversing;traveling,12,,true,false
reversible_relay-pm-2-f853056d828e,reversible_relay|pm_wallpaper_cover|2|a=shift:1/2;b=shift:0/1;m=rev:0/1,reversible_relay,pm_wallpaper_cover,2,,a=shift:1/2;b=shift:0/1;m=rev:0/1,2,2,2,4,,,true,non_split,true,2,graph_nonproduct;image_order_4;non_split_cover;pm;reversible_relay;split_finite_quotient;time_reversing;traveling,2;4;6;8;10;12,,true,false
reversible_relay-pm-3-79b9cf183088,reversible_relay|pm_wallpaper_cover|3|a=shift:1/3;b=shift:0/1;m=rev:0/1,reversible_relay,pm_wallpaper_cover,3,,a=shift:1/3;b=shift:0/1;m=rev:0/1,3,3,3,6,,,true,non_split,true,3,graph_nonproduct;image_order_6;non_split_cover;pm;reversible_relay;split_finite_quotient;time_reversing;traveling,3;6;9;12,,true,false
reversible_relay-pm-4-7361923b5afe,reversible_relay|pm_wallpaper_cover|4|a=shift:1/4;b=shift:0/1;m=rev:0/1,reversible_relay,pm_wallpaper_cover,4,,a=shift:1/4;b=shift:0/1;m=rev:0/1,4,4,4,8,,,true,non_split,true,4,graph_nonproduct;image_order_8;non_split_cover;pm;reversible_relay;split_finite_quotient;time_reversing;traveling,4;8;12,,true,false
reversible_relay-pm-5-f3b2d5733d72,reversible_relay|pm_wallpaper_cover|5|a=shift:1/5;b=shift:0/1;m=rev:0/1,reversible_relay,pm_wallpaper_cover,5,,a=shift:1/5;b=shift:0/1;m=rev:0/1,5,5,5,10,,,true,non_split,true,5,graph_nonproduct;image_order_10;non_split_cover;pm;reversible_relay;split_finite_quotient;time_reversing;traveling,5;10,,true,false
reversible_relay-pm-6-ff50a8abf2df,reversible_relay|pm_wallpaper_cover|6|a=shift:1/6;b=shift:0/1;m=rev:0/1,reversible_relay,pm_wallpaper_cover,6,,a=shift:1/6;b=shift:0/1;m=rev:0/1,6,6,6,12,,,true,non_split,true,6,graph_nonproduct;image_order_12;non_split_cover;pm;reversible_relay;split_finite_quotient;time_reversing;traveling,6;12,,true,false
reversible_relay-pm-7-af6115b924c3,reversible_relay|pm_wallpaper_cover|7|a=shift:1/7;b=shift:0/1;m=rev:0/1,reversible_relay,pm_wallpaper_cover,7,,a=shift:1/7;b=shift:0/1;m=rev:0/1,7,7,7,14,,,true,non_split,true,7,graph_nonproduct;image_order_14;non_split_cover;pm;reversible_relay;split_finite_quotient;time_reversing;traveling,7,,true,false
reversible_relay-pm-8-e8e803d2c1d7,reversible_relay|pm_wallpaper_cover|8|a=shift:1/8;b=shift:0/1;m=rev:0/1,reversible_relay,pm_wallpaper_cover,8,,a=shift:1/8;b=shift:0/1;m=rev:0/1,8,8,8,16,,,true,non_split,true,8,graph_nonproduct;image_order_16;non_split_cover;pm;reversible_relay;split_finite_quotient;time_reversing;traveling,8,,true,false
reversible_relay-pm-9-98c9417d0415,reversible_relay|pm_wallpaper_cover|9|a=shift:1/9;b=shift:0/1;m=rev:0/1,reversible_relay,pm_wallpaper_cover,9,,a=shift:1/9;b=shift:0/1;m=rev:0/1,9,9,9,18,,,true,non_split,true,9,graph_nonproduct;image_order_18;non_split_cover;pm;reversible_relay;split_finite_quotient;time_reversing;traveling,9,,true,false
translation-z2-square-44f02ca071da,translation|Z2_square|infinite|x=shift:0/1;y=shift:1/10,translation,Z2_square,,,x=shift:0/1;y=shift:1/10,10,10,10,10,,,true,non_split,false,10,graph_nonproduct;image_order_10;non_split;phase_shifting;square_lattice;translation;traveling,10,x:0/1;y:1/10,,false
translation-z2-square-6a1809519fde,translation|Z2_square|infinite|x=shift:0/1;y=shift:1/11,translation,Z2_square,,,x=shift:0/1;y=shift:1/11,11,11,11,11,,,true,non_split,false,11,graph_nonproduct;image_order_11;non_split;phase_shifting;square_lattice;translation;traveling,11,x:0/1;y:1/11,,false
translation-z2-square-59a790c6bcec,translation|Z2_square|infinite|x=shift:0/1;y=shift:1/12,translation,Z2_square,,,x=shift:0/1;y=shift:1/12,12,12,12,12,,,true,non_split,false,12,graph_nonproduct;image_order_12;non_split;phase_shifting;square_lattice;translation;traveling,12,x:0/1;y:1/12,,false
translation-z2-square-f6f935c89573,translation|Z2_square|infinite|x=shift:0/1;y=shift:1/2,translation,Z2_square,,,x=shift:0/1;y=shift:1/2,2,2,2,2,,,true,non_split,false,2,graph_nonproduct;image_order_2;non_split;phase_shifting;square_lattice;translation;traveling,2;4;6;8;10;12,x:0/1;y:1/2,,false
translation-z2-square-c066bd4bede2,translation|Z2_square|infinite|x=shift:0/1;y=shift:1/3,translation,Z2_square,,,x=shift:0/1;y=shift:1/3,3,3,3,3,,,true,non_split,false,3,graph_nonproduct;image_order_3;non_split;phase_shifting;square_lattice;translation;traveling,3;6;9;12,x:0/1;y:1/3,,false
translation-z2-square-601d63b25d88,translation|Z2_square|infinite|x=shift:0/1;y=shift:1/4,translation,Z2_square,,,x=shift:0/1;y=shift:1/4,4,4,4,4,,,true,non_split,false,4,graph_nonproduct;image_order_4;non_split;phase_shifting;square_lattice;translation;traveling,4;8;12,x:0/1;y:1/4,,false
translation-z2-square-6e290b138f15,translation|Z2_square|infinite|x=shift:0/1;y=shift:1/5,translation,Z2_square,,,x=shift:0/1;y=shift:1/5,5,5,5,5,,,true,non_split,false,5,graph_nonproduct;image_order_5;non_split;phase_shifting;square_lattice;translation;traveling,5;10,x:0/1;y:1/5,,false
translation-z2-square-aca5d95342b2,translation|Z2_square|infinite|x=shift:0/1;y=shift:1/6,translation,Z2_square,,,x=shift:0/1;y=shift:1/6,6,6,6,6,,,true,non_split,false,6,graph_nonproduct;image_order_6;non_split;phase_shifting;square_lattice;translation;traveling,6;12,x:0/1;y:1/6,,false
translation-z2-square-fa7e4e41eefc,translation|Z2_square|infinite|x=shift:0/1;y=shift:1/7,translation,Z2_square,,,x=shift:0/1;y=shift:1/7,7,7,7,7,,,true,non_split,false,7,graph_nonproduct;image_order_7;non_split;phase_shifting;square_lattice;translation;traveling,7,x:0/1;y:1/7,,false
translation-z2-square-c19fb8adc46c,translation|Z2_square|infinite|x=shift:0/1;y=shift:1/8,translation,Z2_square,,,x=shift:0/1;y=shift:1/8,8,8,8,8,,,true,non_split,false,8,graph_nonproduct;image_order_8;non_split;phase_shifting;square_lattice;translation;traveling,8,x:0/1;y:1/8,,false
translation-z2-square-f7e5d666643d,translation|Z2_square|infinite|x=shift:0/1;y=shift:1/9,translation,Z2_square,,,x=shift:0/1;y=shift:1/9,9,9,9,9,,,true,non_split,false,9,graph_nonproduct;image_order_9;non_split;phase_shifting;square_lattice;translation;traveling,9,x:0/1;y:1/9,,false
translation-z2-square-b9e6656819f8,translation|Z2_square|infinite|x=shift:0/1;y=shift:2/11,translation,Z2_square,,,x=shift:0/1;y=shift:2/11,11,11,11,11,,,true,non_split,false,11,graph_nonproduct;image_order_11;non_split;phase_shifting;square_lattice;translation;traveling,11,x:0/1;y:2/11,,false
translation-z2-square-c3947f4baaf4,translation|Z2_square|infinite|x=shift:0/1;y=shift:2/5,translation,Z2_square,,,x=shift:0/1;y=shift:2/5,5,5,5,5,,,true,non_split,false,5,graph_nonproduct;image_order_5;non_split;phase_shifting;square_lattice;translation;traveling,5;10,x:0/1;y:2/5,,false
translation-z2-square-b063c8adc4e6,translation|Z2_square|infinite|x=shift:0/1;y=shift:2/7,translation,Z2_square,,,x=shift:0/1;y=shift:2/7,7,7,7,7,,,true,non_split,false,7,graph_nonproduct;image_order_7;non_split;phase_shifting;square_lattice;translation;traveling,7,x:0/1;y:2/7,,false
translation-z2-square-b7caff1e5248,translation|Z2_square|infinite|x=shift:0/1;y=shift:2/9,translation,Z2_square,,,x=shift:0/1;y=shift:2/9,9,9,9,9,,,true,non_split,false,9,graph_nonproduct;image_order_9;non_split;phase_shifting;square_lattice;translation;traveling,9,x:0/1;y:2/9,,false
translation-z2-square-c2a59256543e,translation|Z2_square|infinite|x=shift:0/1;y=shift:3/10,translation,Z2_square,,,x=shift:0/1;y=shift:3/10,10,10,10,10,,,true,non_split,false,10,graph_nonproduct;image_order_10;non_split;phase_shifting;square_lattice;translation;traveling,10,x:0/1;y:3/10,,false
translation-z2-square-c1887861adb2,translation|Z2_square|infinite|x=shift:0/1;y=shift:3/11,translation,Z2_square,,,x=shift:0/1;y=shift:3/11,11,11,11,11,,,true,non_split,false,11,graph_nonproduct;image_order_11;non_split;phase_shifting;square_lattice;translation;traveling,11,x:0/1;y:3/11,,false
translation-z2-square-1cc28de14368,translation|Z2_square|infinite|x=shift:0/1;y=shift:3/7,translation,Z2_square,,,x=shift:0/1;y=shift:3/7,7,7,7,7,,,true,non_split,false,7,graph_nonproduct;image_order_7;non_split;phase_shifting;square_lattice;translation;traveling,7,x:0/1;y:3/7,,false
translation-z2-square-6f69e0b4896e,translation|Z2_square|infinite|x=shift:0/1;y=shift:3/8,translation,Z2_square,,,x=shift:0/1;y=shift:3/8,8,8,8,8,,,true,non_split,false,8,graph_nonproduct;image_order_8;non_split;phase_shifting;square_lattice;translation;traveling,8,x:0/1;y:3/8,,false
translation-z2-square-b82e2e4f4f12,translation|Z2_square|infinite|x=shift:0/1;y=shift:4/11,translation,Z2_square,,,x=shift:0/1;y=shift:4/11,11,11,11,11,,,true,non_split,false,11,graph_nonproduct;image_order_11;non_split;phase_shifting;square_lattice;translation;traveling,11,x:0/1;y:4/11,,false
translation-z2-square-ef0ad00a87d6,translation|Z2_square|infinite|x=shift:0/1;y=shift:4/9,translation,Z2_square,,,x=shift:0/1;y=shift:4/9,9,9,9,9,,,true,non_split,false,9,graph_nonproduct;image_order_9;non_split;phase_shifting;square_lattice;translation;traveling,9,x:0/1;y:4/9,,false
translation-z2-square-13d2c659a63f,translation|Z2_square|infinite|x=shift:0/1;y=shift:5/11,translation,Z2_square,,,x=shift:0/1;y=shift:5/11,11,11,11,11,,,true,non_split,false,11,graph_nonproduct;image_order_11;non_split;phase_shifting;square_lattice;translation;traveling,11,x:0/1;y:5/11,,false
translation-z2-square-7244c080cc1a,translation|Z2_square|infinite|x=shift:0/1;y=shift:5/12,translation,Z2_square,,,x=shift:0/1;y=shift:5/12,12,12,12,12,,,true,non_split,false,12,graph_nonproduct;image_order_12;non_split;phase_shifting;square_lattice;translation;traveling,12,x:0/1;y:5/12,,false
translation-z2-square-7b682a976153,translation|Z2_square|infinite|x=shift:1/10;y=shift:0/1,translation,Z2_square,,,x=shift:1/10;y=shift:0/1,10,10,10,10,,,true,non_split,false,10,graph_nonproduct;image_order_10;non_split;phase_shifting;square_lattice;translation;traveling,10,x:0/1;y:1/10,,false
translation-z2-square-fd301e3a27c1,translation|Z2_square|infinite|x=shift:1/10;y=shift:1/10,translation,Z2_square,,,x=shift:1/10;y=shift:1/10,10,10,10,10,,,true,non_split,false,10,graph_nonproduct;image_order_10;non_split;phase_shifting;square_lattice;translation;traveling,10,x:1/10;y:1/10,,false
translation-z2-square-449f74365f74,translation|Z2_square|infinite|x=shift:1/10;y=shift:1/2,translation,Z2_square,,,x=shift:1/10;y=shift:1/2,10,10,10,10,,,true,non_split,false,10,graph_nonproduct;image_order_10;non_split;phase_shifting;square_lattice;translation;traveling,10,x:1/10;y:1/2,,false
translation-z2-square-f6c07cf8613e,translation|Z2_square|infinite|x=shift:1/10;y=shift:1/5,translation,Z2_square,,,x=shift:1/10;y=shift:1/5,10,10,10,10,,,true,non_split,false,10,graph_nonproduct;image_order_10;non_split;phase_shifting;square_lattice;translation;traveling,10,x:1/10;y:1/5,,false
translation-z2-square-1645798a993d,translation|Z2_square|infinite|x=shift:1/10;y=shift:2/5,translation,Z2_square,,,x=shift:1/10;y=shift:2/5,10,10,10,10,,,true,non_split,false,10,graph_nonproduct;image_order_10;non_split;phase_shifting;square_lattice;translation;traveling,10,x:1/10;y:2/5,,false
translation-z2-square-8ead80244ca7,translation|Z2_square|infinite|x=shift:1/10;y=shift:3/10,translation,Z2_square,,,x=shift:1/10;y=shift:3/10,10,10,10,10,,,true,non_split,false,10,graph_nonproduct;image_order_10;non_split;phase_shifting;square_lattice;translation;traveling,10,x:1/10;y:3/10,,false
translation-z2-square-a1e4f34fa95a,translation|Z2_square|infinite|x=shift:1/10;y=shift:3/5,translation,Z2_square,,,x=shift:1/10;y=shift:3/5,10,10,10,10,,,true,non_split,false,10,graph_nonproduct;image_order_10;non_split;phase_shifting;square_lattice;translation;traveling,10,x:1/10;y:2/5,,false
translation-z2-square-cbe7035794e7,translation|Z2_square|infinite|x=shift:1/10;y=shift:4/5,translation,Z2_square,,,x=shift:1/10;y=shift:4/5,10,10,10,10,,,true,non_split,false,10,graph_nonproduct;image_order_10;non_split;phase_shifting;square_lattice;translation;traveling,10,x:1/10;y:1/5,,false
translation-z2-square-d5017b49345a,translation|Z2_square|infinite|x=shift:1/10;y=shift:7/10,translation,Z2_square,,,x=shift:1/10;y=shift:7/10,10,10,10,10,,,true,non_split,false,10,graph_nonproduct;image_order_10;non_split;phase_shifting;square_lattice;translation;traveling,10,x:1/10;y:3/10,,false
translation-z2-square-229dd0743885,translation|Z2_square|infinite|x=shift:1/10;y=shift:9/10,translation,Z2_square,,,x=shift:1/10;y=shift:9/10,10,10,10,10,,,true,non_split,false,10,graph_nonproduct;image_order_10;non_split;phase_shifting;square_lattice;translation;traveling,10,x:1/10;y:1/10,,false
translation-z2-square-7a7bf8d50826,translation|Z2_square|infinite|x=shift:1/11;y=shift:0/1,translation,Z2_square,,,x=shift:1/11;y=shift:0/1,11,11,11,11,,,true,non_split,false,11,graph_nonproduct;image_order_11;non_split;phase_shifting;square_lattice;translation;traveling,11,x:0/1;y:1/11,,false
translation-z2-square-fa2066653f1e,translation|Z2_square|infinite|x=shift:1/11;y=shift:1/11,translation,Z2_square,,,x=shift:1/11;y=shift:1/11,11,11,11,11,,,true,non_split,false,11,graph_nonproduct;image_order_11;non_split;phase_shifting;square_lattice;translation;traveling,11,x:1/11;y:1/11,,false
translation-z2-square-479df0238c4f,translation|Z2_square|infinite|x=shift:1/11;y=shift:10/11,translation,Z2_square,,,x=shift:1/11;y=shift:10/11,11,11,11,11,,,true,non_split,false,11,graph_nonproduct;image_order_11;non_split;phase_shifting;square_lattice;translation;traveling,11,x:1/11;y:1/11,,false
translation-z2-square-769c0bdc2a55,translation|Z2_square|infinite|x=shift:1/11;y=shift:2/11,translation,Z2_square,,,x=shift:1/11;y=shift:2/11,11,11,11,11,,,true,non_split,false,11,graph_nonproduct;image_order_11;non_split;phase_shifting;square_lattice;translation;traveling,11,x:1/11;y:2/11,,false
translation-z2-square-d160ac0499a7,translation|Z2_square|infinite|x=shift:1/11;y=shift:3/11,translation,Z2_square,,,x=shift:1/11;y=shift:3/11,11,11,11,11,,,true,non_split,false,11,graph_nonproduct;image_order_11;non_split;phase_shifting;square_lattice;translation;traveling,11,x:1/11;y:3/11,,false
translation-z2-square-d82182bde19c,translation|Z2_square|infinite|x=shift:1/11;y=shift:4/11,translation,Z2_square,,,x=shift:1/11;y=shift:4/11,11,11,11,11,,,true,non_split,false,11,graph_nonproduct;image_order_11;non_split;phase_shifting;square_lattice;translation;traveling,11,x:1/11;y:4/11,,false
translation-z2-square-aa83f5f0e053,translation|Z2_square|infinite|x=shift:1/11;y=shift:5/11,translation,Z2_square,,,x=shift:1/11;y=shift:5/11,11,11,11,11,,,true,non_split,false,11,graph_nonproduct;image_order_11;non_split;phase_shifting;square_lattice;translation;traveling,11,x:1/11;y:5/11,,false
translation-z2-square-633e00a08682,translation|Z2_square|infinite|x=shift:1/11;y=shift:6/11,translation,Z2_square,,,x=shift:1/11;y=shift:6/11,11,11,11,11,,,true,non_split,false,11,graph_nonproduct;image_order_11;non_split;phase_shifting;square_lattice;translation;traveling,11,x:1/11;y:5/11,,false
translation-z2-square-725e1637444e,translation|Z2_square|infinite|x=shift:1/11;y=shift:7/11,translation,Z2_square,,,x=shift:1/11;y=shift:7/11,11,11,11,11,,,true,non_split,false,11,graph_nonproduct;image_order_11;non_split;phase_shifting;square_lattice;translation;traveling,11,x:1/11;y:4/11,,false
translation-z2-square-a835c786bcea,translation|Z2_square|infinite|x=shift:1/11;y=shift:8/11,translation,Z2_square,,,x=shift:1/11;y=shift:8/11,11,11,11,11,,,true,non_split,false,11,graph_nonproduct;image_order_11;non_split;phase_shifting;square_lattice;translation;traveling,11,x:1/11;y:3/11,,false
translation-z2-square-8391f9ad30fe,translation|Z2_square|infinite|x=shift:1/11;y=shift:9/11,translation,Z2_square,,,x=shift:1/11;y=shift:9/11,11,11,11,11,,,true,non_split,false,11,graph_nonproduct;image_order_11;non_split;phase_shifting;square_lattice;translation;traveling,11,x:1/11;y:2/11,,false
translation-z2-square-5b28ea648f86,translation|Z2_square|infinite|x=shift:1/12;y=shift:0/1,translation,Z2_square,,,x=shift:1/12;y=shift:0/1,12,12,12,12,,,true,non_split,false,12,graph_nonproduct;image_order_12;non_split;phase_shifting;square_lattice;translation;traveling,12,x:0/1;y:1/12,,false
translation-z2-square-f66aab9b7ee9,translation|Z2_square|infinite|x=shift:1/12;y=shift:1/12,translation,Z2_square,,,x=shift:1/12;y=shift:1/12,12,12,12,12,,,true,non_split,false,12,graph_nonproduct;image_order_12;non_split;phase_shifting;square_lattice;translation;traveling,12,x:1/12;y:1/12,,false
translation-z2-square-05b2286236da,translation|Z2_square|infinite|x=shift:1/12;y=shift:1/2,translation,Z2_square,,,x=shift:1/12;y=shift:1/2,12,12,12,12,,,true,non_split,false,12,graph_nonproduct;image_order_12;non_split;phase_shifting;square_lattice;translation;traveling,12,x:1/12;y:1/2,,false
translation-z2-square-2d7544779bd0,translation|Z2_square|infinite|x=shift:1/12;y=shift:1/3,translation,Z2_square,,,x=shift:1/12;y=shift:1/3,12,12,12,12,,,true,non_split,false,12,graph_nonproduct;image_order_12;non_split;phase_shifting;square_lattice;translation;traveling,12,x:1/12;y:1/3,,false
translation-z2-square-591227b443f1,translation|Z2_square|infinite|x=shift:1/12;y=shift:1/4,translation,Z2_square,,,x=shift:1/12;y=shift:1/4,12,12,12,12,,,true,non_split,false,12,graph_nonproduct;image_order_12;non_split;phase_shifting;square_lattice;translation;traveling,12,x:1/12;y:1/4,,false
translation-z2-square-a4ebe1886314,translation|Z2_square|infinite|x=shift:1/12;y=shift:1/6,translation,Z2_square,,,x=shift:1/12;y=shift:1/6,12,12,12,12,,,true,non_split,false,12,graph_nonproduct;image_order_12;non_split;phase_shifting;square_lattice;translation;traveling,12,x:1/12;y:1/6,,false
translation-z2-square-430f6b7eba00,translation|Z2_square|infinite|x=shift:1/12;y=shift:11/12,translation,Z2_square,,,x=shift:1/12;y=shift:11/12,12,12,12,12,,,true,non_split,false,12,graph_nonproduct;image_order_12;non_split;phase_shifting;square_lattice;translation;traveling,12,x:1/12;y:1/12,,false
translation-z2-square-7e7ed441d701,translation|Z2_square|infinite|x=shift:1/12;y=shift:2/3,translation,Z2_square,,,x=shift:1/12;y=shift:2/3,12,12,12,12,,,true,non_split,false,12,graph_nonproduct;image_order_12;non_split;phase_shifting;square_lattice;translation;traveling,12,x:1/12;y:1/3,,false
translation-z2-square-e44b4debf97c,translation|Z2_square|infinite|x=shift:1/12;y=shift:3/4,translation,Z2_square,,,x=shift:1/12;y=shift:3/4,12,12,12,12,,,true,non_split,false,12,graph_nonproduct;image_order_12;non_split;phase_shifting;square_lattice;translation;traveling,12,x:1/12;y:1/4,,false
translation-z2-square-2bb5451391b4,translation|Z2_square|infinite|x=shift:1/12;y=shift:5/12,translation,Z2_square,,,x=shift:1/12;y=shift:5/12,12,12,12,12,,,true,non_split,false,12,graph_nonproduct;image_order_12;non_split;phase_shifting;square_lattice;translation;traveling,12,x:1/12;y:5/12,,false
translation-z2-square-8e880a4f5030,translation|Z2_square|infinite|x=shift:1/12;y=shift:5/6,translation,Z2_square,,,x=shift:1/12;y=shift:5/6,12,12,12,12,,,true,non_split,false,12,graph_nonproduct;image_order_12;non_split;phase_shifting;square_lattice;translation;traveling,12,x:1/12;y:1/6,,false
translation-z2-square-c1269ed9ee59,translation|Z2_square|infinite|x=shift:1/12;y=shift:7/12,translation,Z2_square,,,x=shift:1/12;y=shift:7/12,12,12,12,12,,,true,non_split,false,12,graph_nonproduct;image_order_12;non_split;phase_shifting;square_lattice;translation;traveling,12,x:1/12;y:5/12,,false
translation-z2-square-e79a89643953,translation|Z2_square|infinite|x=shift:1/2;y=shift:0/1,translation,Z2_square,,,x=shift:1/2;y=shift:0/1,2,2,2,2,,,true,non_split,false,2,graph_nonproduct;image_order_2;non_split;phase_shifting;square_lattice;translation;traveling,2;4;6;8;10;12,x:0/1;y:1/2,,false
translation-z2-square-a0002b78aaaa,translation|Z2_square|infinite|x=shift:1/2;y=shift:1/10,translation,Z2_square,,,x=shift:1/2;y=shift:1/10,10,10,10,10,,,true,non_split,false,10,graph_nonproduct;image_order_10;non_split;phase_shifting;square_lattice;translation;traveling,10,x:1/10;y:1/2,,false
translation-z2-square-dbc67f511816,translation|Z2_square|infinite|x=shift:1/2;y=shift:1/12,translation,Z2_square,,,x=shift:1/2;y=shift:1/12,12,12,12,12,,,true,non_split,false,12,graph_nonproduct;image_order_12;non_split;phase_shifting;square_lattice;translation;traveling,12,x:1/12;y:1/2,,false
translation-z2-square-f0ea60f27072,translation|Z2_square|infinite|x=shift:1/2;y=shift:1/2,translation,Z2_square,,,x=shift:1/2;y=shift:1/2,2,2,2,2,,,true,non_split,false,2,graph_nonproduct;image_order_2;non_split;phase_shifting;square_lattice;translation;traveling,2;4;6;8;10;12,x:1/2;y:1/2,,false
translation-z2-square-6996c1258e8c,translation|Z2_square|infinite|x=shift:1/2;y=shift:1/3,translation,Z2_square,,,x=shift:1/2;y=shift:1/3,6,6,6,6,,,true,non_split,false,6,graph_nonproduct;image_order_6;non_split;phase_shifting;square_lattice;translation;traveling,6;12,x:1/3;y:1/2,,false
translation-z2-square-74ed16568f10,translation|Z2_square|infinite|x=shift:1/2;y=shift:1/4,translation,Z2_square,,,x=shift:1/2;y=shift:1/4,4,4,4,4,,,true,non_split,false,4,graph_nonproduct;image_order_4;non_split;phase_shifting;square_lattice;translation;traveling,4;8;12,x:1/4;y:1/2,,false
translation-z2-square-8022c03fd96d,translation|Z2_square|infinite|x=shift:1/2;y=shift:1/5,translation,Z2_square,,,x=shift:1/2;y=shift:1/5,10,10,10,10,,,true,non_split,false,10,graph_nonproduct;image_order_10;non_split;phase_shifting;square_lattice;translation;traveling,10,x:1/5;y:1/2,,false
translation-z2-square-8d1563b0a91b,translation|Z2_square|infinite|x=shift:1/2;y=shift:1/6,translation,Z2_square,,,x=shift:1/2;y=shift:1/6,6,6,6,6,,,true,non_split,false,6,graph_nonproduct;image_order_6;non_split;phase_shifting;square_lattice;translation;traveling,6;12,x:1/6;y:1/2,,false
translation-z2-square-264a270f9251,translation|Z2_square|infinite|x=shift:1/2;y=shift:1/8,translation,Z2_square,,,x=shift:1/2;y=shift:1/8,8,8,8,8,,,true,non_split,false,8,graph_nonproduct;image_order_8;non_split;phase_shifting;square_lattice;translation;traveling,8,x:1/8;y:1/2,,false
translation-z2-square-ccabb48c8724,translation|Z2_square|infinite|x=shift:1/2;y=shift:2/5,translation,Z2_square,,,x=shift:1/2;y=shift:2/5,10,10,10,10,,,true,non_split,false,10,graph_nonproduct;image_order_10;non_split;phase_shifting;square_lattice;translation;traveling,10,x:2/5;y:1/2,,false
translation-z2-square-d7b9e7b56ce6,translation|Z2_square|infinite|x=shift:1/2;y=shift:3/10,translation,Z2_square,,,x=shift:1/2;y=shift:3/10,10,10,10,10,,,true,non_split,false,10,graph_nonproduct;image_order_10;non_split;phase_shifting;square_lattice;translation;traveling,10,x:3/10;y:1/2,,false
translation-z2-square-d505f512b373,translation|Z2_square|infinite|x=shift:1/2;y=shift:3/8,translation,Z2_square,,,x=shift:1/2;y=shift:3/8,8,8,8,8,,,true,non_split,false,8,graph_nonproduct;image_order_8;non_split;phase_shifting;square_lattice;translation;traveling,8,x:3/8;y:1/2,,false
translation-z2-square-fe6c32c5aa2e,translation|Z2_square|infinite|x=shift:1/2;y=shift:5/12,translation,Z2_square,,,x=shift:1/2;y=shift:5/12,12,12,12,12,,,true,non_split,false,12,graph_nonproduct;image_order_12;non_split;phase_shifting;square_lattice;translation;traveling,12,x:5/12;y:1/2,,false
translation-z2-square-bfcf878f3aaa,translation|Z2_square|infinite|x=shift:1/3;y=shift:0/1,translation,Z2_square,,,x=shift:1/3;y=shift:0/1,3,3,3,3,,,true,non_split,false,3,graph_nonproduct;image_order_3;non_split;phase_shifting;square_lattice;translation;traveling,3;6;9;12,x:0/1;y:1/3,,false
translation-z2-square-394d37029d5c,translation|Z2_square|infinite|x=shift:1/3;y=shift:1/12,translation,Z2_square,,,x=shift:1/3;y=shift:1/12,12,12,12,12,,,true,non_split,false,12,graph_nonproduct;image_order_12;non_split;phase_shifting;square_lattice;translation;traveling,12,x:1/12;y:1/3,,false
translation-z2-square-cb7bb770b66a,translation|Z2_square|infinite|x=shift:1/3;y=shift:1/2,translation,Z2_square,,,x=shift:1/3;y=shift:1/2,6,6,6,6,,,true,non_split,false,6,graph_nonproduct;image_order_6;non_split;phase_shifting;square_lattice;translation;traveling,6;12,x:1/3;y:1/2,,false
translation-z2-square-20f77968ea85,translation|Z2_square|infinite|x=shift:1/3;y=shift:1/3,translation,Z2_square,,,x=shift:1/3;y=shift:1/3,3,3,3,3,,,true,non_split,false,3,graph_nonproduct;image_order_3;non_split;phase_shifting;square_lattice;translation;traveling,3;6;9;12,x:1/3;y:1/3,,false
translation-z2-square-824bae02fe7a,translation|Z2_square|infinite|x=shift:1/3;y=shift:1/4,translation,Z2_square,,,x=shift:1/3;y=shift:1/4,12,12,12,12,,,true,non_split,false,12,graph_nonproduct;image_order_12;non_split;phase_shifting;square_lattice;translation;traveling,12,x:1/4;y:1/3,,false
translation-z2-square-fb247167b7c1,translation|Z2_square|infinite|x=shift:1/3;y=shift:1/6,translation,Z2_square,,,x=shift:1/3;y=shift:1/6,6,6,6,6,,,true,non_split,false,6,graph_nonproduct;image_order_6;non_split;phase_shifting;square_lattice;translation;traveling,6;12,x:1/6;y:1/3,,false
translation-z2-square-05476caa1315,translation|Z2_square|infinite|x=shift:1/3;y=shift:1/9,translation,Z2_square,,,x=shift:1/3;y=shift:1/9,9,9,9,9,,,true,non_split,false,9,graph_nonproduct;image_order_9;non_split;phase_shifting;square_lattice;translation;traveling,9,x:1/9;y:1/3,,false
translation-z2-square-9fd154355287,translation|Z2_square|infinite|x=shift:1/3;y=shift:11/12,translation,Z2_square,,,x=shift:1/3;y=shift:11/12,12,12,12,12,,,true,non_split,false,12,graph_nonproduct;image_order_12;non_split;phase_shifting;square_lattice;translation;traveling,12,x:1/12;y:1/3,,false
translation-z2-square-bc204ae6dfb7,translation|Z2_square|infinite|x=shift:1/3;y=shift:2/3,translation,Z2_square,,,x=shift:1/3;y=shift:2/3,3,3,3,3,,,true,non_split,false,3,graph_nonproduct;image_order_3;non_split;phase_shifting;square_lattice;translation;traveling,3;6;9;12,x:1/3;y:1/3,,false
translation-z2-square-100f8200f4ba,translation|Z2_square|infinite|x=shift:1/3;y=shift:2/9,translation,Z2_square,,,x=shift:1/3;y=shift:2/9,9,9,9,9,,,true,non_split,false,9,graph_nonproduct;image_order_9;non_split;phase_shifting;square_lattice;translation;traveling,9,x:2/9;y:1/3,,false
translation-z2-square-a7c3413a4e53,translation|Z2_square|infinite|x=shift:1/3;y=shift:3/4,translation,Z2_square,,,x=shift:1/3;y=shift:3/4,12,12,12,12,,,true,non_split,false,12,graph_nonproduct;image_order_12;non_split;phase_shifting;square_lattice;translation;traveling,12,x:1/4;y:1/3,,false
translation-z2-square-949c43a12c2e,translation|Z2_square|infinite|x=shift:1/3;y=shift:4/9,translation,Z2_square,,,x=shift:1/3;y=shift:4/9,9,9,9,9,,,true,non_split,false,9,graph_nonproduct;image_order_9;non_split;phase_shifting;square_lattice;translation;traveling,9,x:1/3;y:4/9,,false
translation-z2-square-61f539611a12,translation|Z2_square|infinite|x=shift:1/3;y=shift:5/12,translation,Z2_square,,,x=shift:1/3;y=shift:5/12,12,12,12,12,,,true,non_split,false,12,graph_nonproduct;image_order_12;non_split;phase_shifting;square_lattice;translation;traveling,12,x:1/3;y:5/12,,false
translation-z2-square-b993ae204d64,translation|Z2_square|infinite|x=shift:1/3;y=shift:5/6,translation,Z2_square,,,x=shift:1/3;y=shift:5/6,6,6,6,6,,,true,non_split,false,6,graph_nonproduct;image_order_6;non_split;phase_shifting;square_lattice;translation;traveling,6;12,x:1/6;y:1/3,,false
translation-z2-square-2209a7b2a2c4,translation|Z2_square|infinite|x=shift:1/3;y=shift:5/9,translation,Z2_square,,,x=shift:1/3;y=shift:5/9,9,9,9,9,,,true,non_split,false,9,graph_nonproduct;image_order_9;non_split;phase_shifting;square_lattice;translation;traveling,9,x:1/3;y:4/9,,false
translation-z2-square-dc2809f6f8d1,translation|Z2_square|infinite|x=shift:1/3;y=shift:7/12,translation,Z2_square,,,x=shift:1/3;y=shift:7/12,12,12,12,12,,,true,non_split,false,12,graph_nonproduct;image_order_12;non_split;phase_shifting;square_lattice;translation;traveling,12,x:1/3;y:5/12,,false
translation-z2-square-0577054d9d7a,translation|Z2_square|infinite|x=shift:1/3;y=shift:7/9,translation,Z2_square,,,x=shift:1/3;y=shift:7/9,9,9,9,9,,,true,non_split,false,9,graph_nonproduct;image_order_9;non_split;phase_shifting;square_lattice;translation;traveling,9,x:2/9;y:1/3,,false
translation-z2-square-5b9a55970650,translation|Z2_square|infinite|x=shift:1/3;y=shift:8/9,translation,Z2_square,,,x=shift:1/3;y=shift:8/9,9,9,9,9,,,true,non_split,false,9,graph_nonproduct;image_order_9;non_split;phase_shifting;square_lattice;translation;traveling,9,x:1/9;y:1/3,,false
translation-z2-square-12c01b366f30,translation|Z2_square|infinite|x=shift:1/4;y=shift:0/1,translation,Z2_square,,,x=shift:1/4;y=shift:0/1,4,4,4,4,,,true,non_split,false,4,graph_nonproduct;image_order_4;non_split;phase_shifting;square_lattice;translation;traveling,4;8;12,x:0/1;y:1/4,,false
translation-z2-square-794af199c9a6,translation|Z2_square|infinite|x=shift:1/4;y=shift:1/12,translation,Z2_square,,,x=shift:1/4;y=shift:1/12,12,12,12,12,,,true,non_split,false,12,graph_nonproduct;image_order_12;non_split;phase_shifting;square_lattice;translation;traveling,12,x:1/12;y:1/4,,false
translation-z2-square-982dda6767cc,translation|Z2_square|infinite|x=shift:1/4;y=shift:1/2,translation,Z2_square,,,x=shift:1/4;y=shift:1/2,4,4,4,4,,,true,non_split,false,4,graph_nonproduct;image_order_4;non_split;phase_shifting;square_lattice;translation;traveling,4;8;12,x:1/4;y:1/2,,false
translation-z2-square-afc3421819ee,translation|Z2_square|infinite|x=shift:1/4;y=shift:1/3,translation,Z2_square,,,x=shift:1/4;y=shift:1/3,12,12,12,12,,,true,non_split,false,12,graph_nonproduct;image_order_12;non_split;phase_shifting;square_lattice;translation;traveling,12,x:1/4;y:1/3,,false
translation-z2-square-ad5d78cf8e0a,translation|Z2_square|infinite|x=shift:1/4;y=shift:1/4,translation,Z2_square,,,x=shift:1/4;y=shift:1/4,4,4,4,4,,,true,non_split,false,4,graph_nonproduct;image_order_4;non_split;phase_shifting;square_lattice;translation;traveling,4;8;12,x:1/4;y:1/4,,false
translation-z2-square-e3e50a553906,translation|Z2_square|infinite|x=shift:1/4;y=shift:1/6,translation,Z2_square,,,x=shift:1/4;y=shift:1/6,12,12,12,12,,,true,non_split,false,12,graph_nonproduct;image_order_12;non_split;phase_shifting;square_lattice;translation;traveling,12,x:1/6;y:1/4,,false
translation-z2-square-6eec21b1e7cd,translation|Z2_square|infinite|x=shift:1/4;y=shift:1/8,translation,Z2_square,,,x=shift:1/4;y=shift:1/8,8,8,8,8,,,true,non_split,false,8,graph_nonproduct;image_order_8;non_split;phase_shifting;square_lattice;translation;traveling,8,x:1/8;y:1/4,,false
translation-z2-square-2ed38024f863,translation|Z2_square|infinite|x=shift:1/4;y=shift:11/12,translation,Z2_square,,,x=shift:1/4;y=shift:11/12,12,12,12,12,,,true,non_split,false,12,graph_nonproduct;image_order_12;non_split;phase_shifting;square_lattice;translation;traveling,12,x:1/12;y:1/4,,false
translation-z2-square-ca3ffb61429d,translation|Z2_square|infinite|x=shift:1/4;y=shift:2/3,translation,Z2_square,,,x=shift:1/4;y=shift:2/3,12,12,12,12,,,true,non_split,false,12,graph_nonproduct;image_order_12;non_split;phase_shifting;square_lattice;translation;traveling,12,x:1/4;y:1/3,,false
translation-z2-square-ca1e389e8887,translation|Z2_square|infinite|x=shift:1/4;y=shift:3/4,translation,Z2_square,,,x=shift:1/4;y=shift:3/4,4,4,4,4,,,true,non_split,false,4,graph_nonproduct;image_order_4;non_split;phase_shifting;square_lattice;translation;traveling,4;8;12,x:1/4;y:1/4,,false
translation-z2-square-48f6ec3dbcda,translation|Z2_square|infinite|x=shift:1/4;y=shift:3/8,translation,Z2_square,,,x=shift:1/4;y=shift:3/8,8,8,8,8,,,true,non_split,false,8,graph_nonproduct;image_order_8;non_split;phase_shifting;square_lattice;translation;traveling,8,x:1/4;y:3/8,,false
translation-z2-square-94739dc7db32,translation|Z2_square|infinite|x=shift:1/4;y=shift:5/12,translation,Z2_square,,,x=shift:1/4;y=shift:5/12,12,12,12,12,,,true,non_split,false,12,graph_nonproduct;image_order_12;non_split;phase_shifting;square_lattice;translation;traveling,12,x:1/4;y:5/12,,false
translation-z2-square-0f7e73446bc5,translation|Z2_square|infinite|x=shift:1/4;y=shift:5/6,translation,Z2_square,,,x=shift:1/4;y=shift:5/6,12,12,12,12,,,true,non_split,false,12,graph_nonproduct;image_order_12;non_split;phase_shifting;square_lattice;translation;traveling,12,x:1/6;y:1/4,,false
translation-z2-square-40cf2fc4d5f2,translation|Z2_square|infinite|x=shift:1/4;y=shift:5/8,translation,Z2_square,,,x=shift:1/4;y=shift:5/8,8,8,8,8,,,true,non_split,false,8,graph_nonproduct;image_order_8;non_split;phase_shifting;square_lattice;translation;traveling,8,x:1/4;y:3/8,,false
translation-z2-square-c562acf9472a,translation|Z2_square|infinite|x=shift:1/4;y=shift:7/12,translation,Z2_square,,,x=shift:1/4;y=shift:7/12,12,12,12,12,,,true,non_split,false,12,graph_nonproduct;image_order_12;non_split;phase_shifting;square_lattice;translation;traveling,12,x:1/4;y:5/12,,false
translation-z2-square-4ec509932344,translation|Z2_square|infinite|x=shift:1/4;y=shift:7/8,translation,Z2_square,,,x=shift:1/4;y=shift:7/8,8,8,8,8,,,true,non_split,false,8,graph_nonproduct;image_order_8;non_split;phase_shifting;square_lattice;translation;traveling,8,x:1/8;y:1/4,,false
translation-z2-square-1187714c48bb,translation|Z2_square|infinite|x=shift:1/5;y=shift:0/1,translation,Z2_square,,,x=shift:1/5;y=shift:0/1,5,5,5,5,,,true,non_split,false,5,graph_nonproduct;image_order_5;non_split;phase_shifting;square_lattice;translation;traveling,5;10,x:0/1;y:1/5,,false
translation-z2-square-352355306cfe,translation|Z2_square|infinite|x=shift:1/5;y=shift:1/10,translation,Z2_square,,,x=shift:1/5;y=shift:1/10,10,10,10,10,,,true,non_split,false,10,graph_nonproduct;image_order_10;non_split;phase_shifting;square_lattice;translation;traveling,10,x:1/10;y:1/5,,false
translation-z2-square-f4eb70a42b92,translation|Z2_square|infinite|x=shift:1/5;y=shift:1/2,translation,Z2_square,,,x=shift:1/5;y=shift:1/2,10,10,10,10,,,true,non_split,false,10,graph_nonproduct;image_order_10;non_split;phase_shifting;square_lattice;translation;traveling,10,x:1/5;y:1/2,,false
translation-z2-square-12b1e8966635,translation|Z2_square|infinite|x=shift:1/5;y=shift:1/5,translation,Z2_square,,,x=shift:1/5;y=shift:1/5,5,5,5,5,,,true,non_split,false,5,graph_nonproduct;image_order_5;non_split;phase_shifting;square_lattice;translation;traveling,5;10,x:1/5;y:1/5,,false
translation-z2-square-0f95086eae5f,translation|Z2_square|infinite|x=shift:1/5;y=shift:2/5,translation,Z2_square,,,x=shift:1/5;y=shift:2/5,5,5,5,5,,,true,non_split,false,5,graph_nonproduct;image_order_5;non_split;phase_shifting;square_lattice;translation;traveling,5;10,x:1/5;y:2/5,,false
translation-z2-square-150ef43a63fd,translation|Z2_square|infinite|x=shift:1/5;y=shift:3/10,translation,Z2_square,,,x=shift:1/5;y=shift:3/10,10,10,10,10,,,true,non_split,false,10,graph_nonproduct;image_order_10;non_split;phase_shifting;square_lattice;translation;traveling,10,x:1/5;y:3/10,,false
translation-z2-square-85a8af4dbdac,translation|Z2_square|infinite|x=shift:1/5;y=shift:3/5,translation,Z2_square,,,x=shift:1/5;y=shift:3/5,5,5,5,5,,,true,non_split,false,5,graph_nonproduct;image_order_5;non_split;phase_shifting;square_lattice;translation;traveling,5;10,x:1/5;y:2/5,,false
translation-z2-square-4b11a462dc99,translation|Z2_square|infinite|x=shift:1/5;y=shift:4/5,translation,Z2_square,,,x=shift:1/5;y=shift:4/5,5,5,5,5,,,true,non_split,false,5,graph_nonproduct;image_order_5;non_split;phase_shifting;square_lattice;translation;traveling,5;10,x:1/5;y:1/5,,false
translation-z2-square-ad05ed4b0f36,translation|Z2_square|infinite|x=shift:1/5;y=shift:7/10,translation,Z2_square,,,x=shift:1/5;y=shift:7/10,10,10,10,10,,,true,non_split,false,10,graph_nonproduct;image_order_10;non_split;phase_shifting;square_lattice;translation;traveling,10,x:1/5;y:3/10,,false
translation-z2-square-cee7d9d667f5,translation|Z2_square|infinite|x=shift:1/5;y=shift:9/10,translation,Z2_square,,,x=shift:1/5;y=shift:9/10,10,10,10,10,,,true,non_split,false,10,graph_nonproduct;image_order_10;non_split;phase_shifting;square_lattice;translation;traveling,10,x:1/10;y:1/5,,false
translation-z2-square-1a6fcc6706a5,translation|Z2_square|infinite|x=shift:1/6;y=shift:0/1,translation,Z2_square,,,x=shift:1/6;y=shift:0/1,6,6,6,6,,,true,non_split,false,6,graph_nonproduct;image_order_6;non_split;phase_shifting;square_lattice;translation;traveling,6;12,x:0/1;y:1/6,,false
translation-z2-square-9366d1fa1817,translation|Z2_square|infinite|x=shift:1/6;y=shift:1/12,translation,Z2_square,,,x=shift:1/6;y=shift:1/12,12,12,12,12,,,true,non_split,false,12,graph_nonproduct;image_order_12;non_split;phase_shifting;square_lattice;translation;traveling,12,x:1/12;y:1/6,,false
translation-z2-square-6206e30c43cd,translation|Z2_square|infinite|x=shift:1/6;y=shift:1/2,translation,Z2_square,,,x=shift:1/6;y=shift:1/2,6,6,6,6,,,true,non_split,false,6,graph_nonproduct;image_order_6;non_split;phase_shifting;square_lattice;translation;traveling,6;12,x:1/6;y:1/2,,false
translation-z2-square-313387065522,translation|Z2_square|infinite|x=shift:1/6;y=shift:1/3,translation,Z2_square,,,x=shift:1/6;y=shift:1/3,6,6,6,6,,,true,non_split,false,6,graph_nonproduct;image_order_6;non_split;phase_shifting;square_lattice;translation;traveling,6;12,x:1/6;y:1/3,,false
translation-z2-square-ee00be8cfa36,translation|Z2_square|infinite|x=shift:1/6;y=shift:1/4,translation,Z2_square,,,x=shift:1/6;y=shift:1/4,12,12,12,12,,,true,non_split,false,12,graph_nonproduct;image_order_12;non_split;phase_shifting;square_lattice;translation;traveling,12,x:1/6;y:1/4,,false
translation-z2-square-492dd72473fb,translation|Z2_square|infinite|x=shift:1/6;y=shift:1/6,translation,Z2_square,,,x=shift:1/6;y=shift:1/6,6,6,6,6,,,true,non_split,false,6,graph_nonproduct;image_order_6;non_split;phase_shifting;square_lattice;translation;traveling,6;12,x:1/6;y:1/6,,false
translation-z2-square-c2f38a54c1db,translation|Z2_square|infinite|x=shift:1/6;y=shift:11/12,translation,Z2_square,,,x=shift:1/6;y=shift:11/12,12,12,12,12,,,true,non_split,false,12,graph_nonproduct;image_order_12;non_split;phase_shifting;square_lattice;translation;traveling,12,x:1/12;y:1/6,,false
translation-z2-square-ef0a831996ea,translation|Z2_square|infinite|x=shift:1/6;y=shift:2/3,translation,Z2_square,,,x=shift:1/6;y=shift:2/3,6,6,6,6,,,true,non_split,false,6,graph_nonproduct;image_order_6;non_split;phase_shifting;square_lattice;translation;traveling,6;12,x:1/6;y:1/3,,false
translation-z2-square-fa7d0f60699b,translation|Z2_square|infinite|x=shift:1/6;y=shift:3/4,translation,Z2_square,,,x=shift:1/6;y=shift:3/4,12,12,12,12,,,true,non_split,false,12,graph_nonproduct;image_order_12;non_split;phase_shifting;square_lattice;translation;traveling,12,x:1/6;y:1/4,,false
translation-z2-square-b00bdf0b13d8,translation|Z2_square|infinite|x=shift:1/6;y=shift:5/12,translation,Z2_square,,,x=shift:1/6;y=shift:5/12,12,12,12,12,,,true,non_split,false,12,graph_nonproduct;image_order_12;non_split;phase_shifting;square_lattice;translation;traveling,12,x:1/6;y:5/12,,false
translation-z2-square-f152c40ca083,translation|Z2_square|infinite|x=shift:1/6;y=shift:5/6,translation,Z2_square,,,x=shift:1/6;y=shift:5/6,6,6,6,6,,,true,non_split,false,6,graph_nonproduct;image_order_6;non_split;phase_shifting;square_lattice;translation;traveling,6;12,x:1/6;y:1/6,,false
translation-z2-square-8483e07daea6,translation|Z2_square|infinite|x=shift:1/6;y=shift:7/12,translation,Z2_square,,,x=shift:1/6;y=shift:7/12,12,12,12,12,,,true,non_split,false,12,graph_nonproduct;image_order_12;non_split;phase_shifting;square_lattice;translation;traveling,12,x:1/6;y:5/12,,false
translation-z2-square-84c5f272332d,translation|Z2_square|infinite|x=shift:1/7;y=shift:0/1,translation,Z2_square,,,x=shift:1/7;y=shift:0/1,7,7,7,7,,,true,non_split,false,7,graph_nonproduct;image_order_7;non_split;phase_shifting;square_lattice;translation;traveling,7,x:0/1;y:1/7,,false
translation-z2-square-49c283ac9d77,translation|Z2_square|infinite|x=shift:1/7;y=shift:1/7,translation,Z2_square,,,x=shift:1/7;y=shift:1/7,7,7,7,7,,,true,non_split,false,7,graph_nonproduct;image_order_7;non_split;phase_shifting;square_lattice;translation;traveling,7,x:1/7;y:1/7,,false
translation-z2-square-75305faec532,translation|Z2_square|infinite|x=shift:1/7;y=shift:2/7,translation,Z2_square,,,x=shift:1/7;y=shift:2/7,7,7,7,7,,,true,non_split,false,7,graph_nonproduct;image_order_7;non_split;phase_shifting;square_lattice;translation;traveling,7,x:1/7;y:2/7,,false
translation-z2-square-b471ff6537d0,translation|Z2_square|infinite|x=shift:1/7;y=shift:3/7,translation,Z2_square,,,x=shift:1/7;y=shift:3/7,7,7,7,7,,,true,non_split,false,7,graph_nonproduct;image_order_7;non_split;phase_shifting;square_lattice;translation;traveling,7,x:1/7;y:3/7,,false
translation-z2-square-41a7b209905c,translation|Z2_square|infinite|x=shift:1/7;y=shift:4/7,translation,Z2_square,,,x=shift:1/7;y=shift:4/7,7,7,7,7,,,true,non_split,false,7,graph_nonproduct;image_order_7;non_split;phase_shifting;square_lattice;translation;traveling,7,x:1/7;y:3/7,,false
translation-z2-square-28b8b137c406,translation|Z2_square|infinite|x=shift:1/7;y=shift:5/7,translation,Z2_square,,,x=shift:1/7;y=shift:5/7,7,7,7,7,,,true,non_split,false,7,graph_nonproduct;image_order_7;non_split;phase_shifting;square_lattice;translation;traveling,7,x:1/7;y:2/7,,false
translation-z2-square-17e35329d43b,translation|Z2_square|infinite|x=shift:1/7;y=shift:6/7,translation,Z2_square,,,x=shift:1/7;y=shift:6/7,7,7,7,7,,,true,non_split,false,7,graph_nonproduct;image_order_7;non_split;phase_shifting;square_lattice;translation;traveling,7,x:1/7;y:1/7,,false
translation-z2-square-36378878f2dd,translation|Z2_square|infinite|x=shift:1/8;y=shift:0/1,translation,Z2_square,,,x=shift:1/8;y=shift:0/1,8,8,8,8,,,true,non_split,false,8,graph_nonproduct;image_order_8;non_split;phase_shifting;square_lattice;translation;traveling,8,x:0/1;y:1/8,,false
translation-z2-square-4c916b6f84fd,translation|Z2_square|infinite|x=shift:1/8;y=shift:1/2,translation,Z2_square,,,x=shift:1/8;y=shift:1/2,8,8,8,8,,,true,non_split,false,8,graph_nonproduct;image_order_8;non_split;phase_shifting;square_lattice;translation;traveling,8,x:1/8;y:1/2,,false
translation-z2-square-859e4432767d,translation|Z2_square|infinite|x=shift:1/8;y=shift:1/4,translation,Z2_square,,,x=shift:1/8;y=shift:1/4,8,8,8,8,,,true,non_split,false,8,graph_nonproduct;image_order_8;non_split;phase_shifting;square_lattice;translation;traveling,8,x:1/8;y:1/4,,false
translation-z2-square-143d51d43637,translation|Z2_square|infinite|x=shift:1/8;y=shift:1/8,translation,Z2_square,,,x=shift:1/8;y=shift:1/8,8,8,8,8,,,true,non_split,false,8,graph_nonproduct;image_order_8;non_split;phase_shifting;square_lattice;translation;traveling,8,x:1/8;y:1/8,,false
translation-z2-square-8a05bee13a87,translation|Z2_square|infinite|x=shift:1/8;y=shift:3/4,translation,Z2_square,,,x=shift:1/8;y=shift:3/4,8,8,8,8,,,true,non_split,false,8,graph_nonproduct;image_order_8;non_split;phase_shifting;square_lattice;translation;traveling,8,x:1/8;y:1/4,,false
translation-z2-square-34de033890cb,translation|Z2_square|infinite|x=shift:1/8;y=shift:3/8,translation,Z2_square,,,x=shift:1/8;y=shift:3/8,8,8,8,8,,,true,non_split,false,8,graph_nonproduct;image_order_8;non_split;phase_shifting;square_lattice;translation;traveling,8,x:1/8;y:3/8,,false
translation-z2-square-18c9689f4944,translation|Z2_square|infinite|x=shift:1/8;y=shift:5/8,translation,Z2_square,,,x=shift:1/8;y=shift:5/8,8,8,8,8,,,true,non_split,false,8,graph_nonproduct;image_order_8;non_split;phase_shifting;square_lattice;translation;traveling,8,x:1/8;y:3/8,,false
translation-z2-square-b969fc2c186c,translation|Z2_square|infinite|x=shift:1/8;y=shift:7/8,translation,Z2_square,,,x=shift:1/8;y=shift:7/8,8,8,8,8,,,true,non_split,false,8,graph_nonproduct;image_order_8;non_split;phase_shifting;square_lattice;translation;traveling,8,x:1/8;y:1/8,,false
translation-z2-square-58cea1fdcc4d,translation|Z2_square|infinite|x=shift:1/9;y=shift:0/1,translation,Z2_square,,,x=shift:1/9;y=shift:0/1,9,9,9,9,,,true,non_split,false,9,graph_nonproduct;image_order_9;non_split;phase_shifting;square_lattice;translation;traveling,9,x:0/1;y:1/9,,false
translation-z2-square-240d3cfe74b8,translation|Z2_square|infinite|x=shift:1/9;y=shift:1/3,translation,Z2_square,,,x=shift:1/9;y=shift:1/3,9,9,9,9,,,true,non_split,false,9,graph_nonproduct;image_order_9;non_split;phase_shifting;square_lattice;translation;traveling,9,x:1/9;y:1/3,,false
translation-z2-square-4f7dc9e11696,translation|Z2_square|infinite|x=shift:1/9;y=shift:1/9,translation,Z2_square,,,x=shift:1/9;y=shift:1/9,9,9,9,9,,,true,non_split,false,9,graph_nonproduct;image_order_9;non_split;phase_shifting;square_lattice;translation;traveling,9,x:1/9;y:1/9,,false
translation-z2-square-407de68c6c16,translation|Z2_square|infinite|x=shift:1/9;y=shift:2/3,translation,Z2_square,,,x=shift:1/9;y=shift:2/3,9,9,9,9,,,true,non_split,false,9,graph_nonproduct;image_order_9;non_split;phase_shifting;square_lattice;translation;traveling,9,x:1/9;y:1/3,,false
translation-z2-square-4bb74032c191,translation|Z2_square|infinite|x=shift:1/9;y=shift:2/9,translation,Z2_square,,,x=shift:1/9;y=shift:2/9,9,9,9,9,,,true,non_split,false,9,graph_nonproduct;image_order_9;non_split;phase_shifting;square_lattice;translation;traveling,9,x:1/9;y:2/9,,false
translation-z2-square-09b2c2fcf097,translation|Z2_square|infinite|x=shift:1/9;y=shift:4/9,translation,Z2_square,,,x=shift:1/9;y=shift:4/9,9,9,9,9,,,true,non_split,false,9,graph_nonproduct;image_order_9;non_split;phase_shifting;square_lattice;translation;traveling,9,x:1/9;y:4/9,,false
translation-z2-square-69fae7f8d958,translation|Z2_square|infinite|x=shift:1/9;y=shift:5/9,translation,Z2_square,,,x=shift:1/9;y=shift:5/9,9,9,9,9,,,true,non_split,false,9,graph_nonproduct;image_order_9;non_split;phase_shifting;square_lattice;translation;traveling,9,x:1/9;y:4/9,,false
translation-z2-square-24ad5f590807,translation|Z2_square|infinite|x=shift:1/9;y=shift:7/9,translation,Z2_square,,,x=shift:1/9;y=shift:7/9,9,9,9,9,,,true,non_split,false,9,graph_nonproduct;image_order_9;non_split;phase_shifting;square_lattice;translation;traveling,9,x:1/9;y:2/9,,false
translation-z2-square-dd31a03e2c2c,translation|Z2_square|infinite|x=shift:1/9;y=shift:8/9,translation,Z2_square,,,x=shift:1/9;y=shift:8/9,9,9,9,9,,,true,non_split,false,9,graph_nonproduct;image_order_9;non_split;phase_shifting;square_lattice;translation;traveling,9,x:1/9;y:1/9,,false
translation-z2-square-344080ad378f,translation|Z2_square|infinite|x=shift:2/11;y=shift:0/1,translation,Z2_square,,,x=shift:2/11;y=shift:0/1,11,11,11,11,,,true,non_split,false,11,graph_nonproduct;image_order_11;non_split;phase_shifting;square_lattice;translation;traveling,11,x:0/1;y:2/11,,false
translation-z2-square-ec62d3c0ecb1,translation|Z2_square|infinite|x=shift:2/11;y=shift:1/11,translation,Z2_square,,,x=shift:2/11;y=shift:1/11,11,11,11,11,,,true,non_split,false,11,graph_nonproduct;image_order_11;non_split;phase_shifting;square_lattice;translation;traveling,11,x:1/11;y:2/11,,false
translation-z2-square-f53307967e50,translation|Z2_square|infinite|x=shift:2/11;y=shift:10/11,translation,Z2_square,,,x=shift:2/11;y=shift:10/11,11,11,11,11,,,true,non_split,false,11,graph_nonproduct;image_order_11;non_split;phase_shifting;square_lattice;translation;traveling,11,x:1/11;y:2/11,,false
translation-z2-square-87f36db1fb94,translation|Z2_square|infinite|x=shift:2/11;y=shift:2/11,translation,Z2_square,,,x=shift:2/11;y=shift:2/11,11,11,11,11,,,true,non_split,false,11,graph_nonproduct;image_order_11;non_split;phase_shifting;square_lattice;translation;traveling,11,x:2/11;y:2/11,,false
translation-z2-square-f3ef0a4249c6,translation|Z2_square|infinite|x=shift:2/11;y=shift:3/11,translation,Z2_square,,,x=shift:2/11;y=shift:3/11,11,11,11,11,,,true,non_split,false,11,graph_nonproduct;image_order_11;non_split;phase_shifting;square_lattice;translation;traveling,11,x:2/11;y:3/11,,false
translation-z2-square-9124d81f1525,translation|Z2_square|infinite|x=shift:2/11;y=shift:4/11,translation,Z2_square,,,x=shift:2/11;y=shift:4/11,11,11,11,11,,,true,non_split,false,11,graph_nonproduct;image_order_11;non_split;phase_shifting;square_lattice;translation;traveling,11,x:2/11;y:4/11,,false
translation-z2-square-e30ffd548f05,translation|Z2_square|infinite|x=shift:2/11;y=shift:5/11,translation,Z2_square,,,x=shift:2/11;y=shift:5/11,11,11,11,11,,,true,non_split,false,11,graph_nonproduct;image_order_11;non_split;phase_shifting;square_lattice;translation;traveling,11,x:2/11;y:5/11,,false
translation-z2-square-52f2af085694,translation|Z2_square|infinite|x=shift:2/11;y=shift:6/11,translation,Z2_square,,,x=shift:2/11;y=shift:6/11,11,11,11,11,,,true,non_split,false,11,graph_nonproduct;image_order_11;non_split;phase_shifting;square_lattice;translation;traveling,11,x:2/11;y:5/11,,false
translation-z2-square-06eb4e3adfe8,translation|Z2_square|infinite|x=shift:2/11;y=shift:7/11,translation,Z2_square,,,x=shift:2/11;y=shift:7/11,11,11,11,11,,,true,non_split,false,11,graph_nonproduct;image_order_11;non_split;phase_shifting;square_lattice;translation;traveling,11,x:2/11;y:4/11,,false
translation-z2-square-fef2ad049fa3,translation|Z2_square|infinite|x=shift:2/11;y=shift:8/11,translation,Z2_square,,,x=shift:2/11;y=shift:8/11,11,11,11,11,,,true,non_split,false,11,graph_nonproduct;image_order_11;non_split;phase_shifting;square_lattice;translation;traveling,11,x:2/11;y:3/11,,false
translation-z2-square-787832a218f1,translation|Z2_square|infinite|x=shift:2/11;y=shift:9/11,translation,Z2_square,,,x=shift:2/11;y=shift:9/11,11,11,11,11,,,true,non_split,false,11,graph_nonproduct;image_order_11;non_split;phase_shifting;square_lattice;translation;traveling,11,x:2/11;y:2/11,,false
translation-z2-square-fa515061cb65,translation|Z2_square|infinite|x=shift:2/5;y=shift:0/1,translation,Z2_square,,,x=shift:2/5;y=shift:0/1,5,5,5,5,,,true,non_split,false,5,graph_nonproduct;image_order_5;non_split;phase_shifting;square_lattice;translation;traveling,5;10,x:0/1;y:2/5,,false
translation-z2-square-a1b22949611c,translation|Z2_square|infinite|x=shift:2/5;y=shift:1/10,translation,Z2_square,,,x=shift:2/5;y=shift:1/10,10,10,10,10,,,true,non_split,false,10,graph_nonproduct;image_order_10;non_split;phase_shifting;square_lattice;translation;traveling,10,x:1/10;y:2/5,,false
translation-z2-square-189252a1f7cc,translation|Z2_square|infinite|x=shift:2/5;y=shift:1/2,translation,Z2_square,,,x=shift:2/5;y=shift:1/2,10,10,10,10,,,true,non_split,false,10,graph_nonproduct;image_order_10;non_split;phase_shifting;square_lattice;translation;traveling,10,x:2/5;y:1/2,,false
translation-z2-square-9ef7ee8bf022,translation|Z2_square|infinite|x=shift:2/5;y=shift:1/5,translation,Z2_square,,,x=shift:2/5;y=shift:1/5,5,5,5,5,,,true,non_split,false,5,graph_nonproduct;image_order_5;non_split;phase_shifting;square_lattice;translation;traveling,5;10,x:1/5;y:2/5,,false
translation-z2-square-9a2a52ac072e,translation|Z2_square|infinite|x=shift:2/5;y=shift:2/5,translation,Z2_square,,,x=shift:2/5;y=shift:2/5,5,5,5,5,,,true,non_split,false,5,graph_nonproduct;image_order_5;non_split;phase_shifting;square_lattice;translation;traveling,5;10,x:2/5;y:2/5,,false
translation-z2-square-c539e2385073,translation|Z2_square|infinite|x=shift:2/5;y=shift:3/10,translation,Z2_square,,,x=shift:2/5;y=shift:3/10,10,10,10,10,,,true,non_split,false,10,graph_nonproduct;image_order_10;non_split;phase_shifting;square_lattice;translation;traveling,10,x:3/10;y:2/5,,false
translation-z2-square-0925f4aa2c04,translation|Z2_square|infinite|x=shift:2/5;y=shift:3/5,translation,Z2_square,,,x=shift:2/5;y=shift:3/5,5,5,5,5,,,true,non_split,false,5,graph_nonproduct;image_order_5;non_split;phase_shifting;square_lattice;translation;traveling,5;10,x:2/5;y:2/5,,false
translation-z2-square-c71a8209b322,translation|Z2_square|infinite|x=shift:2/5;y=shift:4/5,translation,Z2_square,,,x=shift:2/5;y=shift:4/5,5,5,5,5,,,true,non_split,false,5,graph_nonproduct;image_order_5;non_split;phase_shifting;square_lattice;translation;traveling,5;10,x:1/5;y:2/5,,false
translation-z2-square-a74adf5467a7,translation|Z2_square|infinite|x=shift:2/5;y=shift:7/10,translation,Z2_square,,,x=shift:2/5;y=shift:7/10,10,10,10,10,,,true,non_split,false,10,graph_nonproduct;image_order_10;non_split;phase_shifting;square_lattice;translation;traveling,10,x:3/10;y:2/5,,false
translation-z2-square-e8880fc7c99a,translation|Z2_square|infinite|x=shift:2/5;y=shift:9/10,translation,Z2_square,,,x=shift:2/5;y=shift:9/10,10,10,10,10,,,true,non_split,false,10,graph_nonproduct;image_order_10;non_split;phase_shifting;square_lattice;translation;traveling,10,x:1/10;y:2/5,,false
translation-z2-square-f4c2516122fd,translation|Z2_square|infinite|x=shift:2/7;y=shift:0/1,translation,Z2_square,,,x=shift:2/7;y=shift:0/1,7,7,7,7,,,true,non_split,false,7,graph_nonproduct;image_order_7;non_split;phase_shifting;square_lattice;translation;traveling,7,x:0/1;y:2/7,,false
translation-z2-square-8b8e622d2f1a,translation|Z2_square|infinite|x=shift:2/7;y=shift:1/7,translation,Z2_square,,,x=shift:2/7;y=shift:1/7,7,7,7,7,,,true,non_split,false,7,graph_nonproduct;image_order_7;non_split;phase_shifting;square_lattice;translation;traveling,7,x:1/7;y:2/7,,false
translation-z2-square-4ce6ec35f6b9,translation|Z2_square|infinite|x=shift:2/7;y=shift:2/7,translation,Z2_square,,,x=shift:2/7;y=shift:2/7,7,7,7,7,,,true,non_split,false,7,graph_nonproduct;image_order_7;non_split;phase_shifting;square_lattice;translation;traveling,7,x:2/7;y:2/7,,false
translation-z2-square-e2dcdc8009e3,translation|Z2_square|infinite|x=shift:2/7;y=shift:3/7,translation,Z2_square,,,x=shift:2/7;y=shift:3/7,7,7,7,7,,,true,non_split,false,7,graph_nonproduct;image_order_7;non_split;phase_shifting;square_lattice;translation;traveling,7,x:2/7;y:3/7,,false
translation-z2-square-7bbb3ed2de2c,translation|Z2_square|infinite|x=shift:2/7;y=shift:4/7,translation,Z2_square,,,x=shift:2/7;y=shift:4/7,7,7,7,7,,,true,non_split,false,7,graph_nonproduct;image_order_7;non_split;phase_shifting;square_lattice;translation;traveling,7,x:2/7;y:3/7,,false
translation-z2-square-1ac1e47e16c5,translation|Z2_square|infinite|x=shift:2/7;y=shift:5/7,translation,Z2_square,,,x=shift:2/7;y=shift:5/7,7,7,7,7,,,true,non_split,false,7,graph_nonproduct;image_order_7;non_split;phase_shifting;square_lattice;translation;traveling,7,x:2/7;y:2/7,,false
translation-z2-square-f509f2831012,translation|Z2_square|infinite|x=shift:2/7;y=shift:6/7,translation,Z2_square,,,x=shift:2/7;y=shift:6/7,7,7,7,7,,,true,non_split,false,7,graph_nonproduct;image_order_7;non_split;phase_shifting;square_lattice;translation;traveling,7,x:1/7;y:2/7,,false
translation-z2-square-657655f87141,translation|Z2_square|infinite|x=shift:2/9;y=shift:0/1,translation,Z2_square,,,x=shift:2/9;y=shift:0/1,9,9,9,9,,,true,non_split,false,9,graph_nonproduct;image_order_9;non_split;phase_shifting;square_lattice;translation;traveling,9,x:0/1;y:2/9,,false
translation-z2-square-77fad368f5e2,translation|Z2_square|infinite|x=shift:2/9;y=shift:1/3,translation,Z2_square,,,x=shift:2/9;y=shift:1/3,9,9,9,9,,,true,non_split,false,9,graph_nonproduct;image_order_9;non_split;phase_shifting;square_lattice;translation;traveling,9,x:2/9;y:1/3,,false
translation-z2-square-1cd9488347a2,translation|Z2_square|infinite|x=shift:2/9;y=shift:1/9,translation,Z2_square,,,x=shift:2/9;y=shift:1/9,9,9,9,9,,,true,non_split,false,9,graph_nonproduct;image_order_9;non_split;phase_shifting;square_lattice;translation;traveling,9,x:1/9;y:2/9,,false
translation-z2-square-5b0e98e9f9f8,translation|Z2_square|infinite|x=shift:2/9;y=shift:2/3,translation,Z2_square,,,x=shift:2/9;y=shift:2/3,9,9,9,9,,,true,non_split,false,9,graph_nonproduct;image_order_9;non_split;phase_shifting;square_lattice;translation;traveling,9,x:2/9;y:1/3,,false
translation-z2-square-fea0e409984f,translation|Z2_square|infinite|x=shift:2/9;y=shift:2/9,translation,Z2_square,,,x=shift:2/9;y=shift:2/9,9,9,9,9,,,true,non_split,false,9,graph_nonproduct;image_order_9;non_split;phase_shifting;square_lattice;translation;traveling,9,x:2/9;y:2/9,,false
translation-z2-square-71ddeccac14f,translation|Z2_square|infinite|x=shift:2/9;y=shift:4/9,translation,Z2_square,,,x=shift:2/9;y=shift:4/9,9,9,9,9,,,true,non_split,false,9,graph_nonproduct;image_order_9;non_split;phase_shifting;square_lattice;translation;traveling,9,x:2/9;y:4/9,,false
translation-z2-square-68dd7f896ec1,translation|Z2_square|infinite|x=shift:2/9;y=shift:5/9,translation,Z2_square,,,x=shift:2/9;y=shift:5/9,9,9,9,9,,,true,non_split,false,9,graph_nonproduct;image_order_9;non_split;phase_shifting;square_lattice;translation;traveling,9,x:2/9;y:4/9,,false
translation-z2-square-f50e30965dc6,translation|Z2_square|infinite|x=shift:2/9;y=shift:7/9,translation,Z2_square,,,x=shift:2/9;y=shift:7/9,9,9,9,9,,,true,non_split,false,9,graph_nonproduct;image_order_9;non_split;phase_shifting;square_lattice;translation;traveling,9,x:2/9;y:2/9,,false
translation-z2-square-76bf30fbb99b,translation|Z2_square|infinite|x=shift:2/9;y=shift:8/9,translation,Z2_square,,,x=shift:2/9;y=shift:8/9,9,9,9,9,,,true,non_split,false,9,graph_nonproduct;image_order_9;non_split;phase_shifting;square_lattice;translation;traveling,9,x:1/9;y:2/9,,false
translation-z2-square-f1f9e80b48ef,translation|Z2_square|infinite|x=shift:3/10;y=shift:0/1,translation,Z2_square,,,x=shift:3/10;y=shift:0/1,10,10,10,10,,,true,non_split,false,10,graph_nonproduct;image_order_10;non_split;phase_shifting;square_lattice;translation;traveling,10,x:0/1;y:3/10,,false
translation-z2-square-082407498636,translation|Z2_square|infinite|x=shift:3/10;y=shift:1/10,translation,Z2_square,,,x=shift:3/10;y=shift:1/10,10,10,10,10,,,true,non_split,false,10,graph_nonproduct;image_order_10;non_split;phase_shifting;square_lattice;translation;traveling,10,x:1/10;y:3/10,,false
translation-z2-square-a394f009c7c5,translation|Z2_square|infinite|x=shift:3/10;y=shift:1/2,translation,Z2_square,,,x=shift:3/10;y=shift:1/2,10,10,10,10,,,true,non_split,false,10,graph_nonproduct;image_order_10;non_split;phase_shifting;square_lattice;translation;traveling,10,x:3/10;y:1/2,,false
translation-z2-square-0fce25745483,translation|Z2_square|infinite|x=shift:3/10;y=shift:1/5,translation,Z2_square,,,x=shift:3/10;y=shift:1/5,10,10,10,10,,,true,non_split,false,10,graph_nonproduct;image_order_10;non_split;phase_shifting;square_lattice;translation;traveling,10,x:1/5;y:3/10,,false
translation-z2-square-f885792e6c94,translation|Z2_square|infinite|x=shift:3/10;y=shift:2/5,translation,Z2_square,,,x=shift:3/10;y=shift:2/5,10,10,10,10,,,true,non_split,false,10,graph_nonproduct;image_order_10;non_split;phase_shifting;square_lattice;translation;traveling,10,x:3/10;y:2/5,,false
translation-z2-square-afb6e0e1a37e,translation|Z2_square|infinite|x=shift:3/10;y=shift:3/10,translation,Z2_square,,,x=shift:3/10;y=shift:3/10,10,10,10,10,,,true,non_split,false,10,graph_nonproduct;image_order_10;non_split;phase_shifting;square_lattice;translation;traveling,10,x:3/10;y:3/10,,false
translation-z2-square-3db4ed15becd,translation|Z2_square|infinite|x=shift:3/10;y=shift:3/5,translation,Z2_square,,,x=shift:3/10;y=shift:3/5,10,10,10,10,,,true,non_split,false,10,graph_nonproduct;image_order_10;non_split;phase_shifting;square_lattice;translation;traveling,10,x:3/10;y:2/5,,false
translation-z2-square-a3933f7e2b9b,translation|Z2_square|infinite|x=shift:3/10;y=shift:4/5,translation,Z2_square,,,x=shift:3/10;y=shift:4/5,10,10,10,10,,,true,non_split,false,10,graph_nonproduct;image_order_10;non_split;phase_shifting;square_lattice;translation;traveling,10,x:1/5;y:3/10,,false
translation-z2-square-10846419fdcf,translation|Z2_square|infinite|x=shift:3/10;y=shift:7/10,translation,Z2_square,,,x=shift:3/10;y=shift:7/10,10,10,10,10,,,true,non_split,false,10,graph_nonproduct;image_order_10;non_split;phase_shifting;square_lattice;translation;traveling,10,x:3/10;y:3/10,,false
translation-z2-square-4487def93d3a,translation|Z2_square|infinite|x=shift:3/10;y=shift:9/10,translation,Z2_square,,,x=shift:3/10;y=shift:9/10,10,10,10,10,,,true,non_split,false,10,graph_nonproduct;image_order_10;non_split;phase_shifting;square_lattice;translation;traveling,10,x:1/10;y:3/10,,false
translation-z2-square-e85c4fa88cf3,translation|Z2_square|infinite|x=shift:3/11;y=shift:0/1,translation,Z2_square,,,x=shift:3/11;y=shift:0/1,11,11,11,11,,,true,non_split,false,11,graph_nonproduct;image_order_11;non_split;phase_shifting;square_lattice;translation;traveling,11,x:0/1;y:3/11,,false
translation-z2-square-790fc2b1e4a2,translation|Z2_square|infinite|x=shift:3/11;y=shift:1/11,translation,Z2_square,,,x=shift:3/11;y=shift:1/11,11,11,11,11,,,true,non_split,false,11,graph_nonproduct;image_order_11;non_split;phase_shifting;square_lattice;translation;traveling,11,x:1/11;y:3/11,,false
translation-z2-square-83bae5b79592,translation|Z2_square|infinite|x=shift:3/11;y=shift:10/11,translation,Z2_square,,,x=shift:3/11;y=shift:10/11,11,11,11,11,,,true,non_split,false,11,graph_nonproduct;image_order_11;non_split;phase_shifting;square_lattice;translation;traveling,11,x:1/11;y:3/11,,false
translation-z2-square-9fd8d5bbd9eb,translation|Z2_square|infinite|x=shift:3/11;y=shift:2/11,translation,Z2_square,,,x=shift:3/11;y=shift:2/11,11,11,11,11,,,true,non_split,false,11,graph_nonproduct;image_order_11;non_split;phase_shifting;square_lattice;translation;traveling,11,x:2/11;y:3/11,,false
translation-z2-square-158805ded36d,translation|Z2_square|infinite|x=shift:3/11;y=shift:3/11,translation,Z2_square,,,x=shift:3/11;y=shift:3/11,11,11,11,11,,,true,non_split,false,11,graph_nonproduct;image_order_11;non_split;phase_shifting;square_lattice;translation;traveling,11,x:3/11;y:3/11,,false
translation-z2-square-900579b0f320,translation|Z2_square|infinite|x=shift:3/11;y=shift:4/11,translation,Z2_square,,,x=shift:3/11;y=shift:4/11,11,11,11,11,,,true,non_split,false,11,graph_nonproduct;image_order_11;non_split;phase_shifting;square_lattice;translation;traveling,11,x:3/11;y:4/11,,false
translation-z2-square-7e7e3e7a6769,translation|Z2_square|infinite|x=shift:3/11;y=shift:5/11,translation,Z2_square,,,x=shift:3/11;y=shift:5/11,11,11,11,11,,,true,non_split,false,11,graph_nonproduct;image_order_11;non_split;phase_shifting;square_lattice;translation;traveling,11,x:3/11;y:5/11,,false
translation-z2-square-367638a13a55,translation|Z2_square|infinite|x=shift:3/11;y=shift:6/11,translation,Z2_square,,,x=shift:3/11;y=shift:6/11,11,11,11,11,,,true,non_split,false,11,graph_nonproduct;image_order_11;non_split;phase_shifting;square_lattice;translation;traveling,11,x:3/11;y:5/11,,false
translation-z2-square-533b1a3fcd6f,translation|Z2_square|infinite|x=shift:3/11;y=shift:7/11,translation,Z2_square,,,x=shift:3/11;y=shift:7/11,11,11,11,11,,,true,non_split,false,11,graph_nonproduct;image_order_11;non_split;phase_shifting;square_lattice;translation;traveling,11,x:3/11;y:4/11,,false
translation-z2-square-691f26d53a42,translation|Z2_square|infinite|x=shift:3/11;y=shift:8/11,translation,Z2_square,,,x=shift:3/11;y=shift:8/11,11,11,11,11,,,true,non_split,false,11,graph_nonproduct;image_order_11;non_split;phase_shifting;square_lattice;translation;traveling,11,x:3/11;y:3/11,,false
translation-z2-square-968c5fcccb43,translation|Z2_square|infinite|x=shift:3/11;y=shift:9/11,translation,Z2_square,,,x=shift:3/11;y=shift:9/11,11,11,11,11,,,true,non_split,false,11,graph_nonproduct;image_order_11;non_split;phase_shifting;square_lattice;translation;traveling,11,x:2/11;y:3/11,,false
translation-z2-square-95422e045752,translation|Z2_square|infinite|x=shift:3/7;y=shift:0/1,translation,Z2_square,,,x=shift:3/7;y=shift:0/1,7,7,7,7,,,true,non_split,false,7,graph_nonproduct;image_order_7;non_split;phase_shifting;square_lattice;translation;traveling,7,x:0/1;y:3/7,,false
translation-z2-square-8ba3585e8b50,translation|Z2_square|infinite|x=shift:3/7;y=shift:1/7,translation,Z2_square,,,x=shift:3/7;y=shift:1/7,7,7,7,7,,,true,non_split,false,7,graph_nonproduct;image_order_7;non_split;phase_shifting;square_lattice;translation;traveling,7,x:1/7;y:3/7,,false
translation-z2-square-6a6def3af8cd,translation|Z2_square|infinite|x=shift:3/7;y=shift:2/7,translation,Z2_square,,,x=shift:3/7;y=shift:2/7,7,7,7,7,,,true,non_split,false,7,graph_nonproduct;image_order_7;non_split;phase_shifting;square_lattice;translation;traveling,7,x:2/7;y:3/7,,false
translation-z2-square-bf71d2c50ee3,translation|Z2_square|infinite|x=shift:3/7;y=shift:3/7,translation,Z2_square,,,x=shift:3/7;y=shift:3/7,7,7,7,7,,,true,non_split,false,7,graph_nonproduct;image_order_7;non_split;phase_shifting;square_lattice;translation;traveling,7,x:3/7;y:3/7,,false
translation-z2-square-41712f6b6abb,translation|Z2_square|infinite|x=shift:3/7;y=shift:4/7,translation,Z2_square,,,x=shift:3/7;y=shift:4/7,7,7,7,7,,,true,non_split,false,7,graph_nonproduct;image_order_7;non_split;phase_shifting;square_lattice;translation;traveling,7,x:3/7;y:3/7,,false
translation-z2-square-3fdb16c67fdf,translation|Z2_square|infinite|x=shift:3/7;y=shift:5/7,translation,Z2_square,,,x=shift:3/7;y=shift:5/7,7,7,7,7,,,true,non_split,false,7,graph_nonproduct;image_order_7;non_split;phase_shifting;square_lattice;translation;traveling,7,x:2/7;y:3/7,,false
translation-z2-square-b75f1dc2065b,translation|Z2_square|infinite|x=shift:3/7;y=shift:6/7,translation,Z2_square,,,x=shift:3/7;y=shift:6/7,7,7,7,7,,,true,non_split,false,7,graph_nonproduct;image_order_7;non_split;phase_shifting;square_lattice;translation;traveling,7,x:1/7;y:3/7,,false
translation-z2-square-579e287aa25b,translation|Z2_square|infinite|x=shift:3/8;y=shift:0/1,translation,Z2_square,,,x=shift:3/8;y=shift:0/1,8,8,8,8,,,true,non_split,false,8,graph_nonproduct;image_order_8;non_split;phase_shifting;square_lattice;translation;traveling,8,x:0/1;y:3/8,,false
translation-z2-square-c0108d53214a,translation|Z2_square|infinite|x=shift:3/8;y=shift:1/2,translation,Z2_square,,,x=shift:3/8;y=shift:1/2,8,8,8,8,,,true,non_split,false,8,graph_nonproduct;image_order_8;non_split;phase_shifting;square_lattice;translation;traveling,8,x:3/8;y:1/2,,false
translation-z2-square-4496d4b55d43,translation|Z2_square|infinite|x=shift:3/8;y=shift:1/4,translation,Z2_square,,,x=shift:3/8;y=shift:1/4,8,8,8,8,,,true,non_split,false,8,graph_nonproduct;image_order_8;non_split;phase_shifting;square_lattice;translation;traveling,8,x:1/4;y:3/8,,false
translation-z2-square-6cebab6bba6f,translation|Z2_square|infinite|x=shift:3/8;y=shift:1/8,translation,Z2_square,,,x=shift:3/8;y=shift:1/8,8,8,8,8,,,true,non_split,false,8,graph_nonproduct;image_order_8;non_split;phase_shifting;square_lattice;translation;traveling,8,x:1/8;y:3/8,,false
translation-z2-square-7cf10f6c16ee,translation|Z2_square|infinite|x=shift:3/8;y=shift:3/4,translation,Z2_square,,,x=shift:3/8;y=shift:3/4,8,8,8,8,,,true,non_split,false,8,graph_nonproduct;image_order_8;non_split;phase_shifting;square_lattice;translation;traveling,8,x:1/4;y:3/8,,false
translation-z2-square-fd823d543f0a,translation|Z2_square|infinite|x=shift:3/8;y=shift:3/8,translation,Z2_square,,,x=shift:3/8;y=shift:3/8,8,8,8,8,,,true,non_split,false,8,graph_nonproduct;image_order_8;non_split;phase_shifting;square_lattice;translation;traveling,8,x:3/8;y:3/8,,false
translation-z2-square-8587965c2d14,translation|Z2_square|infinite|x=shift:3/8;y=shift:5/8,translation,Z2_square,,,x=shift:3/8;y=shift:5/8,8,8,8,8,,,true,non_split,false,8,graph_nonproduct;image_order_8;non_split;phase_shifting;square_lattice;translation;traveling,8,x:3/8;y:3/8,,false
translation-z2-square-4ecf230bd7d2,translation|Z2_square|infinite|x=shift:3/8;y=shift:7/8,translation,Z2_square,,,x=shift:3/8;y=shift:7/8,8,8,8,8,,,true,non_split,false,8,graph_nonproduct;image_order_8;non_split;phase_shifting;square_lattice;translation;traveling,8,x:1/8;y:3/8,,false
translation-z2-square-075c7510dbc1,translation|Z2_square|infinite|x=shift:4/11;y=shift:0/1,translation,Z2_square,,,x=shift:4/11;y=shift:0/1,11,11,11,11,,,true,non_split,false,11,graph_nonproduct;image_order_11;non_split;phase_shifting;square_lattice;translation;traveling,11,x:0/1;y:4/11,,false
translation-z2-square-d1444e450f75,translation|Z2_square|infinite|x=shift:4/11;y=shift:1/11,translation,Z2_square,,,x=shift:4/11;y=shift:1/11,11,11,11,11,,,true,non_split,false,11,graph_nonproduct;image_order_11;non_split;phase_shifting;square_lattice;translation;traveling,11,x:1/11;y:4/11,,false
translation-z2-square-187f148d8be1,translation|Z2_square|infinite|x=shift:4/11;y=shift:10/11,translation,Z2_square,,,x=shift:4/11;y=shift:10/11,11,11,11,11,,,true,non_split,false,11,graph_nonproduct;image_order_11;non_split;phase_shifting;square_lattice;translation;traveling,11,x:1/11;y:4/11,,false
translation-z2-square-4fc25312a9b4,translation|Z2_square|infinite|x=shift:4/11;y=shift:2/11,translation,Z2_square,,,x=shift:4/11;y=shift:2/11,11,11,11,11,,,true,non_split,false,11,graph_nonproduct;image_order_11;non_split;phase_shifting;square_lattice;translation;traveling,11,x:2/11;y:4/11,,false
translation-z2-square-14ebe022c87a,translation|Z2_square|infinite|x=shift:4/11;y=shift:3/11,translation,Z2_square,,,x=shift:4/11;y=shift:3/11,11,11,11,11,,,true,non_split,false,11,graph_nonproduct;image_order_11;non_split;phase_shifting;square_lattice;translation;traveling,11,x:3/11;y:4/11,,false
translation-z2-square-018d88ea4886,translation|Z2_square|infinite|x=shift:4/11;y=shift:4/11,translation,Z2_square,,,x=shift:4/11;y=shift:4/11,11,11,11,11,,,true,non_split,false,11,graph_nonproduct;image_order_11;non_split;phase_shifting;square_lattice;translation;traveling,11,x:4/11;y:4/11,,false
translation-z2-square-dab0423db8ba,translation|Z2_square|infinite|x=shift:4/11;y=shift:5/11,translation,Z2_square,,,x=shift:4/11;y=shift:5/11,11,11,11,11,,,true,non_split,false,11,graph_nonproduct;image_order_11;non_split;phase_shifting;square_lattice;translation;traveling,11,x:4/11;y:5/11,,false
translation-z2-square-7041b7f9f93a,translation|Z2_square|infinite|x=shift:4/11;y=shift:6/11,translation,Z2_square,,,x=shift:4/11;y=shift:6/11,11,11,11,11,,,true,non_split,false,11,graph_nonproduct;image_order_11;non_split;phase_shifting;square_lattice;translation;traveling,11,x:4/11;y:5/11,,false
translation-z2-square-2f94b570c8cf,translation|Z2_square|infinite|x=shift:4/11;y=shift:7/11,translation,Z2_square,,,x=shift:4/11;y=shift:7/11,11,11,11,11,,,true,non_split,false,11,graph_nonproduct;image_order_11;non_split;phase_shifting;square_lattice;translation;traveling,11,x:4/11;y:4/11,,false
translation-z2-square-77189ff1268e,translation|Z2_square|infinite|x=shift:4/11;y=shift:8/11,translation,Z2_square,,,x=shift:4/11;y=shift:8/11,11,11,11,11,,,true,non_split,false,11,graph_nonproduct;image_order_11;non_split;phase_shifting;square_lattice;translation;traveling,11,x:3/11;y:4/11,,false
translation-z2-square-da5ce6cc91c9,translation|Z2_square|infinite|x=shift:4/11;y=shift:9/11,translation,Z2_square,,,x=shift:4/11;y=shift:9/11,11,11,11,11,,,true,non_split,false,11,graph_nonproduct;image_order_11;non_split;phase_shifting;square_lattice;translation;traveling,11,x:2/11;y:4/11,,false
translation-z2-square-bf8c420af60f,translation|Z2_square|infinite|x=shift:4/9;y=shift:0/1,translation,Z2_square,,,x=shift:4/9;y=shift:0/1,9,9,9,9,,,true,non_split,false,9,graph_nonproduct;image_order_9;non_split;phase_shifting;square_lattice;translation;traveling,9,x:0/1;y:4/9,,false
translation-z2-square-96f4002d616d,translation|Z2_square|infinite|x=shift:4/9;y=shift:1/3,translation,Z2_square,,,x=shift:4/9;y=shift:1/3,9,9,9,9,,,true,non_split,false,9,graph_nonproduct;image_order_9;non_split;phase_shifting;square_lattice;translation;traveling,9,x:1/3;y:4/9,,false
translation-z2-square-6dafce740f72,translation|Z2_square|infinite|x=shift:4/9;y=shift:1/9,translation,Z2_square,,,x=shift:4/9;y=shift:1/9,9,9,9,9,,,true,non_split,false,9,graph_nonproduct;image_order_9;non_split;phase_shifting;square_lattice;translation;traveling,9,x:1/9;y:4/9,,false
translation-z2-square-826b4ef70f0f,translation|Z2_square|infinite|x=shift:4/9;y=shift:2/3,translation,Z2_square,,,x=shift:4/9;y=shift:2/3,9,9,9,9,,,true,non_split,false,9,graph_nonproduct;image_order_9;non_split;phase_shifting;square_lattice;translation;traveling,9,x:1/3;y:4/9,,false
translation-z2-square-32214d2c566d,translation|Z2_square|infinite|x=shift:4/9;y=shift:2/9,translation,Z2_square,,,x=shift:4/9;y=shift:2/9,9,9,9,9,,,true,non_split,false,9,graph_nonproduct;image_order_9;non_split;phase_shifting;square_lattice;translation;traveling,9,x:2/9;y:4/9,,false
translation-z2-square-bc16d3f64e3e,translation|Z2_square|infinite|x=shift:4/9;y=shift:4/9,translation,Z2_square,,,x=shift:4/9;y=shift:4/9,9,9,9,9,,,true,non_split,false,9,graph_nonproduct;image_order_9;non_split;phase_shifting;square_lattice;translation;traveling,9,x:4/9;y:4/9,,false
translation-z2-square-fede7c09e8c1,translation|Z2_square|infinite|x=shift:4/9;y=shift:5/9,translation,Z2_square,,,x=shift:4/9;y=shift:5/9,9,9,9,9,,,true,non_split,false,9,graph_nonproduct;image_order_9;non_split;phase_shifting;square_lattice;translation;traveling,9,x:4/9;y:4/9,,false
translation-z2-square-2e45d56da6ea,translation|Z2_square|infinite|x=shift:4/9;y=shift:7/9,translation,Z2_square,,,x=shift:4/9;y=shift:7/9,9,9,9,9,,,true,non_split,false,9,graph_nonproduct;image_order_9;non_split;phase_shifting;square_lattice;translation;traveling,9,x:2/9;y:4/9,,false
translation-z2-square-f4fe3c8ed685,translation|Z2_square|infinite|x=shift:4/9;y=shift:8/9,translation,Z2_square,,,x=shift:4/9;y=shift:8/9,9,9,9,9,,,true,non_split,false,9,graph_nonproduct;image_order_9;non_split;phase_shifting;square_lattice;translation;traveling,9,x:1/9;y:4/9,,false
translation-z2-square-7a17ffae9f35,translation|Z2_square|infinite|x=shift:5/11;y=shift:0/1,translation,Z2_square,,,x=shift:5/11;y=shift:0/1,11,11,11,11,,,true,non_split,false,11,graph_nonproduct;image_order_11;non_split;phase_shifting;square_lattice;translation;traveling,11,x:0/1;y:5/11,,false
translation-z2-square-2c1ca8d87034,translation|Z2_square|infinite|x=shift:5/11;y=shift:1/11,translation,Z2_square,,,x=shift:5/11;y=shift:1/11,11,11,11,11,,,true,non_split,false,11,graph_nonproduct;image_order_11;non_split;phase_shifting;square_lattice;translation;traveling,11,x:1/11;y:5/11,,false
translation-z2-square-7cd520e0039e,translation|Z2_square|infinite|x=shift:5/11;y=shift:10/11,translation,Z2_square,,,x=shift:5/11;y=shift:10/11,11,11,11,11,,,true,non_split,false,11,graph_nonproduct;image_order_11;non_split;phase_shifting;square_lattice;translation;traveling,11,x:1/11;y:5/11,,false
translation-z2-square-87ca020e8ee7,translation|Z2_square|infinite|x=shift:5/11;y=shift:2/11,translation,Z2_square,,,x=shift:5/11;y=shift:2/11,11,11,11,11,,,true,non_split,false,11,graph_nonproduct;image_order_11;non_split;phase_shifting;square_lattice;translation;traveling,11,x:2/11;y:5/11,,false
translation-z2-square-032c869afe21,translation|Z2_square|infinite|x=shift:5/11;y=shift:3/11,translation,Z2_square,,,x=shift:5/11;y=shift:3/11,11,11,11,11,,,true,non_split,false,11,graph_nonproduct;image_order_11;non_split;phase_shifting;square_lattice;translation;traveling,11,x:3/11;y:5/11,,false
translation-z2-square-a3ba43c480a2,translation|Z2_square|infinite|x=shift:5/11;y=shift:4/11,translation,Z2_square,,,x=shift:5/11;y=shift:4/11,11,11,11,11,,,true,non_split,false,11,graph_nonproduct;image_order_11;non_split;phase_shifting;square_lattice;translation;traveling,11,x:4/11;y:5/11,,false
translation-z2-square-db61a7a087e3,translation|Z2_square|infinite|x=shift:5/11;y=shift:5/11,translation,Z2_square,,,x=shift:5/11;y=shift:5/11,11,11,11,11,,,true,non_split,false,11,graph_nonproduct;image_order_11;non_split;phase_shifting;square_lattice;translation;traveling,11,x:5/11;y:5/11,,false
translation-z2-square-23e818d9e17f,translation|Z2_square|infinite|x=shift:5/11;y=shift:6/11,translation,Z2_square,,,x=shift:5/11;y=shift:6/11,11,11,11,11,,,true,non_split,false,11,graph_nonproduct;image_order_11;non_split;phase_shifting;square_lattice;translation;traveling,11,x:5/11;y:5/11,,false
translation-z2-square-35b3eb1e83a1,translation|Z2_square|infinite|x=shift:5/11;y=shift:7/11,translation,Z2_square,,,x=shift:5/11;y=shift:7/11,11,11,11,11,,,true,non_split,false,11,graph_nonproduct;image_order_11;non_split;phase_shifting;square_lattice;translation;traveling,11,x:4/11;y:5/11,,false
translation-z2-square-cac02358a6fe,translation|Z2_square|infinite|x=shift:5/11;y=shift:8/11,translation,Z2_square,,,x=shift:5/11;y=shift:8/11,11,11,11,11,,,true,non_split,false,11,graph_nonproduct;image_order_11;non_split;phase_shifting;square_lattice;translation;traveling,11,x:3/11;y:5/11,,false
translation-z2-square-7d97dd9dae83,translation|Z2_square|infinite|x=shift:5/11;y=shift:9/11,translation,Z2_square,,,x=shift:5/11;y=shift:9/11,11,11,11,11,,,true,non_split,false,11,graph_nonproduct;image_order_11;non_split;phase_shifting;square_lattice;translation;traveling,11,x:2/11;y:5/11,,false
translation-z2-square-aefdad4b02c3,translation|Z2_square|infinite|x=shift:5/12;y=shift:0/1,translation,Z2_square,,,x=shift:5/12;y=shift:0/1,12,12,12,12,,,true,non_split,false,12,graph_nonproduct;image_order_12;non_split;phase_shifting;square_lattice;translation;traveling,12,x:0/1;y:5/12,,false
translation-z2-square-f7a5804f937c,translation|Z2_square|infinite|x=shift:5/12;y=shift:1/12,translation,Z2_square,,,x=shift:5/12;y=shift:1/12,12,12,12,12,,,true,non_split,false,12,graph_nonproduct;image_order_12;non_split;phase_shifting;square_lattice;translation;traveling,12,x:1/12;y:5/12,,false
translation-z2-square-bd899125f6cd,translation|Z2_square|infinite|x=shift:5/12;y=shift:1/2,translation,Z2_square,,,x=shift:5/12;y=shift:1/2,12,12,12,12,,,true,non_split,false,12,graph_nonproduct;image_order_12;non_split;phase_shifting;square_lattice;translation;traveling,12,x:5/12;y:1/2,,false
translation-z2-square-768b014efa99,translation|Z2_square|infinite|x=shift:5/12;y=shift:1/3,translation,Z2_square,,,x=shift:5/12;y=shift:1/3,12,12,12,12,,,true,non_split,false,12,graph_nonproduct;image_order_12;non_split;phase_shifting;square_lattice;translation;traveling,12,x:1/3;y:5/12,,false
translation-z2-square-46ede771e10f,translation|Z2_square|infinite|x=shift:5/12;y=shift:1/4,translation,Z2_square,,,x=shift:5/12;y=shift:1/4,12,12,12,12,,,true,non_split,false,12,graph_nonproduct;image_order_12;non_split;phase_shifting;square_lattice;translation;traveling,12,x:1/4;y:5/12,,false
translation-z2-square-4765c99e1f48,translation|Z2_square|infinite|x=shift:5/12;y=shift:1/6,translation,Z2_square,,,x=shift:5/12;y=shift:1/6,12,12,12,12,,,true,non_split,false,12,graph_nonproduct;image_order_12;non_split;phase_shifting;square_lattice;translation;traveling,12,x:1/6;y:5/12,,false
translation-z2-square-1136e02f73a7,translation|Z2_square|infinite|x=shift:5/12;y=shift:11/12,translation,Z2_square,,,x=shift:5/12;y=shift:11/12,12,12,12,12,,,true,non_split,false,12,graph_nonproduct;image_order_12;non_split;phase_shifting;square_lattice;translation;traveling,12,x:1/12;y:5/12,,false
translation-z2-square-b926057e9755,translation|Z2_square|infinite|x=shift:5/12;y=shift:2/3,translation,Z2_square,,,x=shift:5/12;y=shift:2/3,12,12,12,12,,,true,non_split,false,12,graph_nonproduct;image_order_12;non_split;phase_shifting;square_lattice;translation;traveling,12,x:1/3;y:5/12,,false
translation-z2-square-3e51fe238a37,translation|Z2_square|infinite|x=shift:5/12;y=shift:3/4,translation,Z2_square,,,x=shift:5/12;y=shift:3/4,12,12,12,12,,,true,non_split,false,12,graph_nonproduct;image_order_12;non_split;phase_shifting;square_lattice;translation;traveling,12,x:1/4;y:5/12,,false
translation-z2-square-094c07425725,translation|Z2_square|infinite|x=shift:5/12;y=shift:5/12,translation,Z2_square,,,x=shift:5/12;y=shift:5/12,12,12,12,12,,,true,non_split,false,12,graph_nonproduct;image_order_12;non_split;phase_shifting;square_lattice;translation;traveling,12,x:5/12;y:5/12,,false
translation-z2-square-abc1854babe3,translation|Z2_square|infinite|x=shift:5/12;y=shift:5/6,translation,Z2_square,,,x=shift:5/12;y=shift:5/6,12,12,12,12,,,true,non_split,false,12,graph_nonproduct;image_order_12;non_split;phase_shifting;square_lattice;translation;traveling,12,x:1/6;y:5/12,,false
translation-z2-square-85513dde05ee,translation|Z2_square|infinite|x=shift:5/12;y=shift:7/12,translation,Z2_square,,,x=shift:5/12;y=shift:7/12,12,12,12,12,,,true,non_split,false,12,graph_nonproduct;image_order_12;non_split;phase_shifting;square_lattice;translation;traveling,12,x:5/12;y:5/12,,false
